-- MariaDB dump 10.19  Distrib 10.4.25-MariaDB, for Win64 (AMD64)
--
-- Host: localhost    Database: u1272680_pos_dev
-- ------------------------------------------------------
-- Server version	10.4.25-MariaDB

/*!40101 SET @OLD_CHARACTER_SET_CLIENT=@@CHARACTER_SET_CLIENT */;
/*!40101 SET @OLD_CHARACTER_SET_RESULTS=@@CHARACTER_SET_RESULTS */;
/*!40101 SET @OLD_COLLATION_CONNECTION=@@COLLATION_CONNECTION */;
/*!40101 SET NAMES utf8 */;
/*!40103 SET @OLD_TIME_ZONE=@@TIME_ZONE */;
/*!40103 SET TIME_ZONE='+00:00' */;
/*!40014 SET @OLD_UNIQUE_CHECKS=@@UNIQUE_CHECKS, UNIQUE_CHECKS=0 */;
/*!40014 SET @OLD_FOREIGN_KEY_CHECKS=@@FOREIGN_KEY_CHECKS, FOREIGN_KEY_CHECKS=0 */;
/*!40101 SET @OLD_SQL_MODE=@@SQL_MODE, SQL_MODE='NO_AUTO_VALUE_ON_ZERO' */;
/*!40111 SET @OLD_SQL_NOTES=@@SQL_NOTES, SQL_NOTES=0 */;

--
-- Table structure for table `accounts`
--

DROP TABLE IF EXISTS `accounts`;
/*!40101 SET @saved_cs_client     = @@character_set_client */;
/*!40101 SET character_set_client = utf8 */;
CREATE TABLE `accounts` (
  `id` int(10) unsigned NOT NULL AUTO_INCREMENT,
  `account_no` varchar(191) COLLATE utf8mb4_unicode_ci NOT NULL,
  `name` varchar(191) COLLATE utf8mb4_unicode_ci NOT NULL,
  `initial_balance` double DEFAULT NULL,
  `total_balance` double NOT NULL,
  `note` text COLLATE utf8mb4_unicode_ci DEFAULT NULL,
  `is_default` tinyint(1) DEFAULT NULL,
  `is_active` tinyint(1) NOT NULL,
  `created_at` timestamp NULL DEFAULT NULL,
  `updated_at` timestamp NULL DEFAULT NULL,
  PRIMARY KEY (`id`)
) ENGINE=InnoDB AUTO_INCREMENT=4 DEFAULT CHARSET=utf8mb4 COLLATE=utf8mb4_unicode_ci;
/*!40101 SET character_set_client = @saved_cs_client */;

--
-- Dumping data for table `accounts`
--

LOCK TABLES `accounts` WRITE;
/*!40000 ALTER TABLE `accounts` DISABLE KEYS */;
INSERT INTO `accounts` VALUES (1,'11111','Sales Account',1000,1000,'this is first account',0,1,'2018-12-18 01:58:02','2022-10-12 05:40:08'),(3,'21211','Sa',0,0,'',1,1,'2018-12-18 01:58:56','2022-10-12 05:40:08');
/*!40000 ALTER TABLE `accounts` ENABLE KEYS */;
UNLOCK TABLES;

--
-- Table structure for table `adjustments`
--

DROP TABLE IF EXISTS `adjustments`;
/*!40101 SET @saved_cs_client     = @@character_set_client */;
/*!40101 SET character_set_client = utf8 */;
CREATE TABLE `adjustments` (
  `id` int(10) unsigned NOT NULL AUTO_INCREMENT,
  `reference_no` varchar(191) COLLATE utf8mb4_unicode_ci NOT NULL,
  `warehouse_id` int(11) NOT NULL,
  `document` varchar(191) COLLATE utf8mb4_unicode_ci DEFAULT NULL,
  `total_qty` double NOT NULL,
  `item` int(11) NOT NULL,
  `note` text COLLATE utf8mb4_unicode_ci DEFAULT NULL,
  `created_at` timestamp NULL DEFAULT NULL,
  `updated_at` timestamp NULL DEFAULT NULL,
  PRIMARY KEY (`id`)
) ENGINE=InnoDB AUTO_INCREMENT=12 DEFAULT CHARSET=utf8mb4 COLLATE=utf8mb4_unicode_ci;
/*!40101 SET character_set_client = @saved_cs_client */;

--
-- Dumping data for table `adjustments`
--

LOCK TABLES `adjustments` WRITE;
/*!40000 ALTER TABLE `adjustments` DISABLE KEYS */;
/*!40000 ALTER TABLE `adjustments` ENABLE KEYS */;
UNLOCK TABLES;

--
-- Table structure for table `attendances`
--

DROP TABLE IF EXISTS `attendances`;
/*!40101 SET @saved_cs_client     = @@character_set_client */;
/*!40101 SET character_set_client = utf8 */;
CREATE TABLE `attendances` (
  `id` int(10) unsigned NOT NULL AUTO_INCREMENT,
  `date` date NOT NULL,
  `employee_id` int(11) NOT NULL,
  `user_id` int(11) NOT NULL,
  `checkin` varchar(191) COLLATE utf8mb4_unicode_ci NOT NULL,
  `checkout` varchar(191) COLLATE utf8mb4_unicode_ci NOT NULL,
  `status` int(11) NOT NULL,
  `note` text COLLATE utf8mb4_unicode_ci DEFAULT NULL,
  `created_at` timestamp NULL DEFAULT NULL,
  `updated_at` timestamp NULL DEFAULT NULL,
  PRIMARY KEY (`id`)
) ENGINE=InnoDB AUTO_INCREMENT=7 DEFAULT CHARSET=utf8mb4 COLLATE=utf8mb4_unicode_ci;
/*!40101 SET character_set_client = @saved_cs_client */;

--
-- Dumping data for table `attendances`
--

LOCK TABLES `attendances` WRITE;
/*!40000 ALTER TABLE `attendances` DISABLE KEYS */;
INSERT INTO `attendances` VALUES (1,'2019-01-02',1,1,'10:00am','6:30pm',1,'','2019-01-02 02:30:50','2019-01-02 02:30:50'),(3,'2019-01-02',3,1,'10:15am','6:30pm',0,'','2019-01-02 02:57:12','2019-01-02 02:57:12'),(6,'2020-02-03',1,1,'11:30am','6:00pm',0,'','2020-02-03 08:57:30','2020-02-03 08:57:30');
/*!40000 ALTER TABLE `attendances` ENABLE KEYS */;
UNLOCK TABLES;

--
-- Table structure for table `billers`
--

DROP TABLE IF EXISTS `billers`;
/*!40101 SET @saved_cs_client     = @@character_set_client */;
/*!40101 SET character_set_client = utf8 */;
CREATE TABLE `billers` (
  `id` int(10) unsigned NOT NULL AUTO_INCREMENT,
  `name` varchar(191) COLLATE utf8mb4_unicode_ci NOT NULL,
  `image` varchar(191) COLLATE utf8mb4_unicode_ci DEFAULT NULL,
  `company_name` varchar(191) COLLATE utf8mb4_unicode_ci NOT NULL,
  `vat_number` varchar(191) COLLATE utf8mb4_unicode_ci DEFAULT NULL,
  `email` varchar(191) COLLATE utf8mb4_unicode_ci NOT NULL,
  `phone_number` varchar(191) COLLATE utf8mb4_unicode_ci NOT NULL,
  `address` varchar(191) COLLATE utf8mb4_unicode_ci NOT NULL,
  `city` varchar(191) COLLATE utf8mb4_unicode_ci NOT NULL,
  `state` varchar(191) COLLATE utf8mb4_unicode_ci DEFAULT NULL,
  `postal_code` varchar(191) COLLATE utf8mb4_unicode_ci DEFAULT NULL,
  `country` varchar(191) COLLATE utf8mb4_unicode_ci DEFAULT NULL,
  `is_active` tinyint(1) DEFAULT NULL,
  `created_at` timestamp NULL DEFAULT NULL,
  `updated_at` timestamp NULL DEFAULT NULL,
  PRIMARY KEY (`id`)
) ENGINE=InnoDB AUTO_INCREMENT=9 DEFAULT CHARSET=utf8mb4 COLLATE=utf8mb4_unicode_ci;
/*!40101 SET character_set_client = @saved_cs_client */;

--
-- Dumping data for table `billers`
--

LOCK TABLES `billers` WRITE;
/*!40000 ALTER TABLE `billers` DISABLE KEYS */;
INSERT INTO `billers` VALUES (1,'yousuf','aks.jpg','Nama Tokonya','31123','yousuf@kds.com','442343324','halishahar','chittagong','','','sdgs',1,'2018-05-12 20:49:30','2019-03-02 04:20:38'),(2,'tariq','','Nama Tokonya','','tariq@bigtree.com','321312','khulshi','chittagong','','','',1,'2018-05-12 20:57:54','2018-06-14 23:07:11'),(3,'test','','Nama Tokonya','','test@test.com','3211','erewrwqre','afsf','','','',0,'2018-05-30 01:38:58','2018-05-30 01:39:57'),(5,'modon','mogaTel.jpg','Nama Tokonya','','modon@gmail.com','32321','nasirabad','chittagong','','','bd',1,'2018-09-01 02:59:54','2018-10-07 01:35:51'),(6,'a','','Nama Tokonya','','a@a.com','q','q','q','','','',0,'2018-10-07 01:33:39','2018-10-07 01:34:18'),(7,'a','','Nama Tokonya','','a@a.com','a','a','a','','','',0,'2018-10-07 01:34:36','2018-10-07 01:36:07'),(8,'x','x.png','Nama Tokonya','','x@x.com','x','x','x','','','',1,'2019-03-18 10:02:42','2019-12-21 10:01:24');
/*!40000 ALTER TABLE `billers` ENABLE KEYS */;
UNLOCK TABLES;

--
-- Table structure for table `brands`
--

DROP TABLE IF EXISTS `brands`;
/*!40101 SET @saved_cs_client     = @@character_set_client */;
/*!40101 SET character_set_client = utf8 */;
CREATE TABLE `brands` (
  `id` int(10) NOT NULL AUTO_INCREMENT,
  `code` varchar(5) COLLATE utf8mb4_unicode_ci NOT NULL,
  `title` varchar(191) COLLATE utf8mb4_unicode_ci NOT NULL,
  `image` varchar(191) COLLATE utf8mb4_unicode_ci DEFAULT NULL,
  `is_active` tinyint(1) DEFAULT NULL,
  `created_at` timestamp NULL DEFAULT NULL,
  `updated_at` timestamp NULL DEFAULT NULL,
  PRIMARY KEY (`id`)
) ENGINE=InnoDB AUTO_INCREMENT=559 DEFAULT CHARSET=utf8mb4 COLLATE=utf8mb4_unicode_ci;
/*!40101 SET character_set_client = @saved_cs_client */;

--
-- Dumping data for table `brands`
--

LOCK TABLES `brands` WRITE;
/*!40000 ALTER TABLE `brands` DISABLE KEYS */;
INSERT INTO `brands` VALUES (1,'M0001','Lakoni Pro','',1,'2022-11-02 16:21:32','2022-11-02 16:21:32'),(2,'M0002','Aldo','',1,'2022-11-02 16:21:32','2022-11-02 16:21:32'),(3,'M0003','Strauss','',1,'2022-11-02 16:21:32','2022-11-02 16:21:32'),(4,'M0004','Camel','',1,'2022-11-02 16:21:32','2022-11-02 16:21:32'),(5,'M0005','Vargo Power','',1,'2022-11-02 16:21:32','2022-11-02 16:21:32'),(6,'M0006','FRT','',1,'2022-11-02 16:21:32','2022-11-02 16:21:32'),(7,'M0007','Benz','',1,'2022-11-02 16:21:32','2022-11-02 16:21:32'),(8,'M0008','Vegaz','',1,'2022-11-02 16:21:32','2022-11-02 16:21:32'),(9,'M0009','Prospero','',1,'2022-11-02 16:21:32','2022-11-02 16:21:32'),(10,'M0010','MTX','',1,'2022-11-02 16:21:33','2022-11-02 16:21:33'),(11,'M0011','Ideku','',1,'2022-11-02 16:21:33','2022-11-02 16:21:33'),(12,'M0012','National','',1,'2022-11-02 16:21:33','2022-11-02 16:21:33'),(13,'M0013','Pioneer','',1,'2022-11-02 16:21:33','2022-11-02 16:21:33'),(14,'M0014','Dextone','',1,'2022-11-02 16:21:33','2022-11-02 16:21:33'),(15,'M0015','Oris','',1,'2022-11-02 16:21:33','2022-11-02 16:21:33'),(16,'M0016','Molar','',1,'2022-11-02 16:21:33','2022-11-02 16:21:33'),(17,'M0017','Wipro','',1,'2022-11-02 16:21:33','2022-11-02 16:21:33'),(18,'M0018','Jason','',1,'2022-11-02 16:21:33','2022-11-02 16:21:33'),(19,'M0019','Casal','',1,'2022-11-02 16:21:33','2022-11-02 16:21:33'),(20,'M0020','Sun flower','',1,'2022-11-02 16:21:33','2022-11-02 16:21:33'),(21,'M0021','Makita','',1,'2022-11-02 16:21:33','2022-11-02 16:21:33'),(22,'M0022','Kentaro','',1,'2022-11-02 16:21:33','2022-11-02 16:21:33'),(23,'M0023','Tajima','',1,'2022-11-02 16:21:33','2022-11-02 16:21:33'),(24,'M0024','SUV','',1,'2022-11-02 16:21:33','2022-11-02 16:21:33'),(25,'M0025','Joran','',1,'2022-11-02 16:21:33','2022-11-02 16:21:33'),(26,'M0026','Kajima','',1,'2022-11-02 16:21:33','2022-11-02 16:21:33'),(27,'M0027','Koiheng','',1,'2022-11-02 16:21:34','2022-11-02 16:21:34'),(28,'M0028','K55','',1,'2022-11-02 16:21:34','2022-11-02 16:21:34'),(29,'M0029','GA','',1,'2022-11-02 16:21:34','2022-11-02 16:21:34'),(30,'M0030','Nachi','',1,'2022-11-02 16:21:34','2022-11-02 16:21:34'),(31,'M0031','Eisen','',1,'2022-11-02 16:21:34','2022-11-02 16:21:34'),(32,'M0389','New Deland','',1,'2022-11-02 16:21:34','2022-11-02 16:21:53'),(33,'M0033','Sanyo','',1,'2022-11-02 16:21:34','2022-11-02 16:21:34'),(34,'M0034','Dumbo','',1,'2022-11-02 16:21:34','2022-11-02 16:21:34'),(35,'M0035','IB','',1,'2022-11-02 16:21:34','2022-11-02 16:21:34'),(36,'M0036','JMJ','',1,'2022-11-02 16:21:34','2022-11-02 16:21:34'),(37,'M0037','GRT','',1,'2022-11-02 16:21:34','2022-11-02 16:21:34'),(38,'M0038','Maxi','',1,'2022-11-02 16:21:34','2022-11-02 16:21:34'),(39,'M0039','Blossom lock','',1,'2022-11-02 16:21:34','2022-11-02 16:21:34'),(40,'M0040','Gigan','',1,'2022-11-02 16:21:34','2022-11-02 16:21:34'),(41,'M0041','Nankai','',1,'2022-11-02 16:21:34','2022-11-02 16:21:34'),(42,'M0042','Tuff Hide','',1,'2022-11-02 16:21:34','2022-11-02 16:21:34'),(43,'M0043','Trimontana','',1,'2022-11-02 16:21:34','2022-11-02 16:21:34'),(44,'M0044','Taiyo','',1,'2022-11-02 16:21:34','2022-11-02 16:21:34'),(45,'M0045','Blitz','',1,'2022-11-02 16:21:35','2022-11-02 16:21:35'),(46,'M0046','Hercules','',1,'2022-11-02 16:21:35','2022-11-02 16:21:35'),(47,'M0047','VSM','',1,'2022-11-02 16:21:35','2022-11-02 16:21:35'),(48,'M0048','Krypton','',1,'2022-11-02 16:21:35','2022-11-02 16:21:35'),(49,'M0049','Wuto','',1,'2022-11-02 16:21:35','2022-11-02 16:21:35'),(50,'M0050','Wood','',1,'2022-11-02 16:21:35','2022-11-02 16:21:35'),(51,'M0051','Woodpacker','',1,'2022-11-02 16:21:35','2022-11-02 16:21:35'),(52,'M0052','Armada','',1,'2022-11-02 16:21:35','2022-11-02 16:21:35'),(53,'M0053','Bossini','',1,'2022-11-02 16:21:35','2022-11-02 16:21:35'),(54,'M0054','Norton','',1,'2022-11-02 16:21:35','2022-11-02 16:21:35'),(55,'M0055','Tottori','',1,'2022-11-02 16:21:35','2022-11-02 16:21:35'),(56,'M0056','Enzo','',1,'2022-11-02 16:21:35','2022-11-02 16:21:35'),(57,'M0057','Muger','',1,'2022-11-02 16:21:35','2022-11-02 16:21:35'),(58,'M0058','Enhill','',1,'2022-11-02 16:21:35','2022-11-02 16:21:35'),(59,'M0059','CPT National','',1,'2022-11-02 16:21:35','2022-11-02 16:21:35'),(60,'M0060','DMX','',1,'2022-11-02 16:21:35','2022-11-02 16:21:35'),(61,'M0061','New star','',1,'2022-11-02 16:21:35','2022-11-02 16:21:35'),(62,'M0062','Imperial','',1,'2022-11-02 16:21:35','2022-11-02 16:21:35'),(63,'M0063','Falco','',1,'2022-11-02 16:21:35','2022-11-02 16:21:35'),(64,'M0064','Gerber','',1,'2022-11-02 16:21:36','2022-11-02 16:21:36'),(65,'M0065','Centaro','',1,'2022-11-02 16:21:36','2022-11-02 16:21:36'),(66,'M0066','CFITJ','',1,'2022-11-02 16:21:36','2022-11-02 16:21:36'),(67,'M0067','King tony','',1,'2022-11-02 16:21:36','2022-11-02 16:21:36'),(68,'M0068','Domax','',1,'2022-11-02 16:21:36','2022-11-02 16:21:36'),(69,'M0069','Hose Nozzle','',1,'2022-11-02 16:21:36','2022-11-02 16:21:36'),(70,'M0070','Axell','',1,'2022-11-02 16:21:36','2022-11-02 16:21:36'),(71,'M0071','MKT','',1,'2022-11-02 16:21:36','2022-11-02 16:21:36'),(72,'M0072','Isco','',1,'2022-11-02 16:21:36','2022-11-02 16:21:36'),(73,'M0073','Radarori','',1,'2022-11-02 16:21:36','2022-11-02 16:21:36'),(74,'M0074','Shimizu','',1,'2022-11-02 16:21:36','2022-11-02 16:21:36'),(75,'M0075','Good','',1,'2022-11-02 16:21:36','2022-11-02 16:21:36'),(76,'M0076','Lida','',1,'2022-11-02 16:21:36','2022-11-02 16:21:36'),(77,'M0077','Imy hand','',1,'2022-11-02 16:21:36','2022-11-02 16:21:36'),(78,'M0078','Sunshine','',1,'2022-11-02 16:21:36','2022-11-02 16:21:36'),(79,'M0079','CAB','',1,'2022-11-02 16:21:36','2022-11-02 16:21:36'),(80,'M0451','Yamastar','',1,'2022-11-02 16:21:36','2022-11-02 16:21:56'),(81,'M0081','Ferza','',1,'2022-11-02 16:21:37','2022-11-02 16:21:37'),(82,'M0082','YSK','',1,'2022-11-02 16:21:37','2022-11-02 16:21:37'),(83,'M0083','Poari','',1,'2022-11-02 16:21:37','2022-11-02 16:21:37'),(84,'M0084','East','',1,'2022-11-02 16:21:37','2022-11-02 16:21:37'),(85,'M0085','KYK','',1,'2022-11-02 16:21:37','2022-11-02 16:21:37'),(86,'M0086','Nasa','',1,'2022-11-02 16:21:37','2022-11-02 16:21:37'),(87,'M0087','Rockweld','',1,'2022-11-02 16:21:37','2022-11-02 16:21:37'),(88,'M0088','Lumos','',1,'2022-11-02 16:21:37','2022-11-02 16:21:37'),(89,'M0089','GHC','',1,'2022-11-02 16:21:37','2022-11-02 16:21:37'),(90,'M0090','Tooko','',1,'2022-11-02 16:21:37','2022-11-02 16:21:37'),(91,'M0091','Bahco','',1,'2022-11-02 16:21:37','2022-11-02 16:21:37'),(92,'M0092','Orange','',1,'2022-11-02 16:21:37','2022-11-02 16:21:37'),(93,'M0093','Sakura','',1,'2022-11-02 16:21:37','2022-11-02 16:21:37'),(94,'M0094','King Stone','',1,'2022-11-02 16:21:37','2022-11-02 16:21:37'),(95,'M0095','GS','',1,'2022-11-02 16:21:37','2022-11-02 16:21:37'),(96,'M0096','Eagle','',1,'2022-11-02 16:21:37','2022-11-02 16:21:37'),(97,'M0097','GSD','',1,'2022-11-02 16:21:37','2022-11-02 16:21:37'),(98,'M0098','CS','',1,'2022-11-02 16:21:37','2022-11-02 16:21:37'),(99,'M0099','MST','',1,'2022-11-02 16:21:37','2022-11-02 16:21:37'),(100,'M0100','Seiko','',1,'2022-11-02 16:21:37','2022-11-02 16:21:37'),(101,'M0101','Badak','',1,'2022-11-02 16:21:38','2022-11-02 16:21:38'),(102,'M0102','SOK','',1,'2022-11-02 16:21:38','2022-11-02 16:21:38'),(103,'M0103','Pluto','',1,'2022-11-02 16:21:38','2022-11-02 16:21:38'),(104,'M0104','Bonuci','',1,'2022-11-02 16:21:38','2022-11-02 16:21:38'),(105,'M0105','Vapely','',1,'2022-11-02 16:21:38','2022-11-02 16:21:38'),(106,'M0106','Chrome Vakadium','',1,'2022-11-02 16:21:38','2022-11-02 16:21:38'),(107,'M0107','IWT','',1,'2022-11-02 16:21:38','2022-11-02 16:21:38'),(108,'M0391','Fukung','',1,'2022-11-02 16:21:38','2022-11-02 16:21:53'),(109,'M0109','Diamond','',1,'2022-11-02 16:21:38','2022-11-02 16:21:38'),(110,'M0110','Great wall','',1,'2022-11-02 16:21:38','2022-11-02 16:21:38'),(111,'M0111','KZK','',1,'2022-11-02 16:21:38','2022-11-02 16:21:38'),(112,'M0112','Drexel','',1,'2022-11-02 16:21:38','2022-11-02 16:21:38'),(113,'M0113','Hioshi','',1,'2022-11-02 16:21:38','2022-11-02 16:21:38'),(114,'M0114','Platinum','',1,'2022-11-02 16:21:38','2022-11-02 16:21:38'),(115,'M0115','Magnum','',1,'2022-11-02 16:21:38','2022-11-02 16:21:38'),(116,'M0116','Primero','',1,'2022-11-02 16:21:38','2022-11-02 16:21:38'),(117,'M0117','TMS','',1,'2022-11-02 16:21:38','2022-11-02 16:21:38'),(118,'M0118','IGM','',1,'2022-11-02 16:21:38','2022-11-02 16:21:38'),(119,'M0119','King','',1,'2022-11-02 16:21:38','2022-11-02 16:21:38'),(120,'M0120','MDN','',1,'2022-11-02 16:21:39','2022-11-02 16:21:39'),(121,'M0121','Hi Tech','',1,'2022-11-02 16:21:39','2022-11-02 16:21:39'),(122,'M0122','Weldom','',1,'2022-11-02 16:21:39','2022-11-02 16:21:39'),(123,'M0123','Mancini','',1,'2022-11-02 16:21:39','2022-11-02 16:21:39'),(124,'M0124','Enka','',1,'2022-11-02 16:21:39','2022-11-02 16:21:39'),(125,'M0125','Tree Cles','',1,'2022-11-02 16:21:39','2022-11-02 16:21:39'),(126,'M0126','Fire Stor','',1,'2022-11-02 16:21:39','2022-11-02 16:21:39'),(127,'M0127','Eterna','',1,'2022-11-02 16:21:39','2022-11-02 16:21:39'),(128,'M0128','Eagle TBM','',1,'2022-11-02 16:21:39','2022-11-02 16:21:39'),(129,'M0129','Freder','',1,'2022-11-02 16:21:39','2022-11-02 16:21:39'),(130,'M0130','Oliq','',1,'2022-11-02 16:21:39','2022-11-02 16:21:39'),(131,'M0131','Pralon','',1,'2022-11-02 16:21:39','2022-11-02 16:21:39'),(132,'M0132','Djigo','',1,'2022-11-02 16:21:39','2022-11-02 16:21:39'),(133,'M0133','Alteco 110','',1,'2022-11-02 16:21:39','2022-11-02 16:21:39'),(134,'M0134','Autosol','',1,'2022-11-02 16:21:39','2022-11-02 16:21:39'),(135,'M0135','STIHL','',1,'2022-11-02 16:21:39','2022-11-02 16:21:39'),(136,'M0136','Fujiyama','',1,'2022-11-02 16:21:39','2022-11-02 16:21:39'),(137,'M0137','CIP','',1,'2022-11-02 16:21:39','2022-11-02 16:21:39'),(138,'M0138','Yarco','',1,'2022-11-02 16:21:39','2022-11-02 16:21:39'),(139,'M0139','OC','',1,'2022-11-02 16:21:39','2022-11-02 16:21:39'),(140,'M0140','Nice','',1,'2022-11-02 16:21:39','2022-11-02 16:21:39'),(141,'M0141','Miami','',1,'2022-11-02 16:21:39','2022-11-02 16:21:39'),(142,'M0142','CML','',1,'2022-11-02 16:21:40','2022-11-02 16:21:40'),(143,'M0143','Super Brand','',1,'2022-11-02 16:21:40','2022-11-02 16:21:40'),(144,'M0144','Perfect Band','',1,'2022-11-02 16:21:40','2022-11-02 16:21:40'),(145,'M0145','Swallow','',1,'2022-11-02 16:21:40','2022-11-02 16:21:40'),(146,'M0146','Pajero','',1,'2022-11-02 16:21:40','2022-11-02 16:21:40'),(147,'M0147','My tape','',1,'2022-11-02 16:21:40','2022-11-02 16:21:40'),(148,'M0148','Gold tape','',1,'2022-11-02 16:21:40','2022-11-02 16:21:40'),(149,'M0149','Rossi','',1,'2022-11-02 16:21:40','2022-11-02 16:21:40'),(150,'M0150','Wingas','',1,'2022-11-02 16:21:40','2022-11-02 16:21:40'),(151,'M0151','Beaufort','',1,'2022-11-02 16:21:40','2022-11-02 16:21:40'),(152,'M0152','Fukuda','',1,'2022-11-02 16:21:40','2022-11-02 16:21:40'),(153,'M0153','Popeye','',1,'2022-11-02 16:21:40','2022-11-02 16:21:40'),(154,'M0154','Rush','',1,'2022-11-02 16:21:40','2022-11-02 16:21:40'),(155,'M0155','AAA','',1,'2022-11-02 16:21:40','2022-11-02 16:21:40'),(156,'M0156','Mcalpine','',1,'2022-11-02 16:21:40','2022-11-02 16:21:40'),(157,'M0157','Deluxe','',1,'2022-11-02 16:21:41','2022-11-02 16:21:41'),(158,'M0158','SB','',1,'2022-11-02 16:21:41','2022-11-02 16:21:41'),(159,'M0159','Koala','',1,'2022-11-02 16:21:41','2022-11-02 16:21:41'),(160,'M0160','Push ON','',1,'2022-11-02 16:21:41','2022-11-02 16:21:41'),(161,'M0161','Millennium tape','',1,'2022-11-02 16:21:41','2022-11-02 16:21:41'),(162,'M0162','NKN','',1,'2022-11-02 16:21:41','2022-11-02 16:21:41'),(163,'M0163','NSK','',1,'2022-11-02 16:21:41','2022-11-02 16:21:41'),(164,'M0164','Target','',1,'2022-11-02 16:21:41','2022-11-02 16:21:41'),(165,'M0165','Bolisi','',1,'2022-11-02 16:21:41','2022-11-02 16:21:41'),(166,'M0166','IC','',1,'2022-11-02 16:21:41','2022-11-02 16:21:41'),(167,'M0167','Philips','',1,'2022-11-02 16:21:41','2022-11-02 16:21:41'),(168,'M0168','Starlux','',1,'2022-11-02 16:21:41','2022-11-02 16:21:41'),(169,'M0169','Visicom','',1,'2022-11-02 16:21:41','2022-11-02 16:21:41'),(170,'M0170','NVC','',1,'2022-11-02 16:21:41','2022-11-02 16:21:41'),(171,'M0171','Sloveh','',1,'2022-11-02 16:21:41','2022-11-02 16:21:41'),(172,'M0172','Arashi','',1,'2022-11-02 16:21:41','2022-11-02 16:21:41'),(173,'M0173','Sunfest','',1,'2022-11-02 16:21:41','2022-11-02 16:21:41'),(174,'M0174','VDR','',1,'2022-11-02 16:21:41','2022-11-02 16:21:41'),(175,'M0175','Matsugi','',1,'2022-11-02 16:21:41','2022-11-02 16:21:41'),(176,'M0176','Lovov','',1,'2022-11-02 16:21:41','2022-11-02 16:21:41'),(177,'M0177','Broco','',1,'2022-11-02 16:21:41','2022-11-02 16:21:41'),(178,'M0178','Cahaya','',1,'2022-11-02 16:21:42','2022-11-02 16:21:42'),(179,'M0179','Altex','',1,'2022-11-02 16:21:42','2022-11-02 16:21:42'),(180,'M0180','Versatex','',1,'2022-11-02 16:21:42','2022-11-02 16:21:42'),(181,'M0181','Dexicon','',1,'2022-11-02 16:21:42','2022-11-02 16:21:42'),(182,'M0182','Akamitsu','',1,'2022-11-02 16:21:42','2022-11-02 16:21:42'),(183,'M0183','New Kyowa','',1,'2022-11-02 16:21:42','2022-11-02 16:21:42'),(184,'M0184','Hori','',1,'2022-11-02 16:21:42','2022-11-02 16:21:42'),(185,'M0185','My Derko','',1,'2022-11-02 16:21:42','2022-11-02 16:21:42'),(186,'M0186','INS','',1,'2022-11-02 16:21:42','2022-11-02 16:21:42'),(187,'M0187','Panasonic','',1,'2022-11-02 16:21:42','2022-11-02 16:21:42'),(188,'M0188','Okachi','',1,'2022-11-02 16:21:42','2022-11-02 16:21:42'),(189,'M0189','Enje Oke','',1,'2022-11-02 16:21:42','2022-11-02 16:21:42'),(190,'M0190','SZMR','',1,'2022-11-02 16:21:43','2022-11-02 16:21:43'),(191,'M0191','Loyal','',1,'2022-11-02 16:21:43','2022-11-02 16:21:43'),(192,'M0192','Scneider','',1,'2022-11-02 16:21:43','2022-11-02 16:21:43'),(193,'M0193','Wakamoto','',1,'2022-11-02 16:21:43','2022-11-02 16:21:43'),(194,'M0194','Twin Dong','',1,'2022-11-02 16:21:43','2022-11-02 16:21:43'),(195,'M0195','Dexta','',1,'2022-11-02 16:21:43','2022-11-02 16:21:43'),(196,'M0196','Lumment','',1,'2022-11-02 16:21:43','2022-11-02 16:21:43'),(197,'M0197','Shukaku','',1,'2022-11-02 16:21:43','2022-11-02 16:21:43'),(198,'M0198','Fuji Star','',1,'2022-11-02 16:21:43','2022-11-02 16:21:43'),(199,'M0199','Maktec','',1,'2022-11-02 16:21:43','2022-11-02 16:21:43'),(200,'M0200','Hitachi','',1,'2022-11-02 16:21:43','2022-11-02 16:21:43'),(201,'M0201','Modern','',1,'2022-11-02 16:21:43','2022-11-02 16:21:43'),(202,'M0202','Bosch','',1,'2022-11-02 16:21:43','2022-11-02 16:21:43'),(203,'M0203','HD','',1,'2022-11-02 16:21:43','2022-11-02 16:21:43'),(204,'M0204','Fish','',1,'2022-11-02 16:21:43','2022-11-02 16:21:43'),(205,'M0205','Kusuka','',1,'2022-11-02 16:21:43','2022-11-02 16:21:43'),(206,'M0206','H&L','',1,'2022-11-02 16:21:43','2022-11-02 16:21:43'),(207,'M0207','GMT','',1,'2022-11-02 16:21:43','2022-11-02 16:21:43'),(208,'M0208','Efos','',1,'2022-11-02 16:21:43','2022-11-02 16:21:43'),(209,'M0209','YPP','',1,'2022-11-02 16:21:44','2022-11-02 16:21:44'),(210,'M0210','NRT','',1,'2022-11-02 16:21:44','2022-11-02 16:21:44'),(211,'M0211','Tosita','',1,'2022-11-02 16:21:44','2022-11-02 16:21:44'),(212,'M0212','Novus','',1,'2022-11-02 16:21:44','2022-11-02 16:21:44'),(213,'M0213','Kaito hiro','',1,'2022-11-02 16:21:44','2022-11-02 16:21:44'),(214,'M0214','Krox','',1,'2022-11-02 16:21:44','2022-11-02 16:21:44'),(215,'M0215','S3','',1,'2022-11-02 16:21:44','2022-11-02 16:21:44'),(216,'M0216','Florentino','',1,'2022-11-02 16:21:44','2022-11-02 16:21:44'),(217,'M0217','Run','',1,'2022-11-02 16:21:44','2022-11-02 16:21:44'),(218,'M0218','Vertex rafa','',1,'2022-11-02 16:21:44','2022-11-02 16:21:44'),(219,'M0219','Ernesto','',1,'2022-11-02 16:21:44','2022-11-02 16:21:44'),(220,'M0220','HPP','',1,'2022-11-02 16:21:44','2022-11-02 16:21:44'),(221,'M0221','Alinco','',1,'2022-11-02 16:21:44','2022-11-02 16:21:44'),(222,'M0222','ARS','',1,'2022-11-02 16:21:44','2022-11-02 16:21:44'),(223,'M0223','B','',1,'2022-11-02 16:21:44','2022-11-02 16:21:44'),(224,'M0224','Veloce','',1,'2022-11-02 16:21:44','2022-11-02 16:21:44'),(225,'M0225','SKT','',1,'2022-11-02 16:21:44','2022-11-02 16:21:44'),(226,'M0226','Duratape','',1,'2022-11-02 16:21:44','2022-11-02 16:21:44'),(227,'M0227','Hattasu','',1,'2022-11-02 16:21:44','2022-11-02 16:21:44'),(228,'M0228','Brassco','',1,'2022-11-02 16:21:45','2022-11-02 16:21:45'),(229,'M0229','Oregen','',1,'2022-11-02 16:21:45','2022-11-02 16:21:45'),(230,'M0230','Royal','',1,'2022-11-02 16:21:45','2022-11-02 16:21:45'),(231,'M0231','HSS','',1,'2022-11-02 16:21:45','2022-11-02 16:21:45'),(232,'M0232','Prime','',1,'2022-11-02 16:21:45','2022-11-02 16:21:45'),(233,'M0233','Best','',1,'2022-11-02 16:21:45','2022-11-02 16:21:45'),(234,'M0234','Vellow','',1,'2022-11-02 16:21:45','2022-11-02 16:21:45'),(235,'M0235','Sanitary','',1,'2022-11-02 16:21:45','2022-11-02 16:21:45'),(236,'M0236','Volk','',1,'2022-11-02 16:21:45','2022-11-02 16:21:45'),(237,'M0237','TTS','',1,'2022-11-02 16:21:45','2022-11-02 16:21:45'),(238,'M0238','Carlo fiotini','',1,'2022-11-02 16:21:45','2022-11-02 16:21:45'),(239,'M0534','Fiorentino','',1,'2022-11-02 16:21:45','2022-11-02 16:22:00'),(240,'M0240','Veldce','',1,'2022-11-02 16:21:45','2022-11-02 16:21:45'),(241,'M0241','Vone','',1,'2022-11-02 16:21:45','2022-11-02 16:21:45'),(242,'M0242','Flusso','',1,'2022-11-02 16:21:45','2022-11-02 16:21:45'),(243,'M0243','Aer','',1,'2022-11-02 16:21:45','2022-11-02 16:21:45'),(244,'M0244','Ifos','',1,'2022-11-02 16:21:45','2022-11-02 16:21:45'),(245,'M0245','Diton','',1,'2022-11-02 16:21:45','2022-11-02 16:21:45'),(246,'M0246','Pylox','',1,'2022-11-02 16:21:45','2022-11-02 16:21:45'),(247,'M0247','Indian Head','',1,'2022-11-02 16:21:46','2022-11-02 16:21:46'),(248,'M0248','Stamco','',1,'2022-11-02 16:21:46','2022-11-02 16:21:46'),(249,'M0249','Nippon Paint','',1,'2022-11-02 16:21:46','2022-11-02 16:21:46'),(250,'M0250','Dakkar','',1,'2022-11-02 16:21:46','2022-11-02 16:21:46'),(251,'M0251','KIA','',1,'2022-11-02 16:21:46','2022-11-02 16:21:46'),(252,'M0252','JITU','',1,'2022-11-02 16:21:46','2022-11-02 16:21:46'),(253,'M0253','Fina','',1,'2022-11-02 16:21:46','2022-11-02 16:21:46'),(254,'M0254','Ina','',1,'2022-11-02 16:21:46','2022-11-02 16:21:46'),(255,'M0255','Data','',1,'2022-11-02 16:21:46','2022-11-02 16:21:46'),(256,'M0256','Chasters','',1,'2022-11-02 16:21:46','2022-11-02 16:21:46'),(257,'M0257','Fox','',1,'2022-11-02 16:21:46','2022-11-02 16:21:46'),(258,'M0258','Crocodile','',1,'2022-11-02 16:21:46','2022-11-02 16:21:46'),(259,'M0259','All Plast','',1,'2022-11-02 16:21:46','2022-11-02 16:21:46'),(260,'M0260','Walus','',1,'2022-11-02 16:21:46','2022-11-02 16:21:46'),(261,'M0261','Elson','',1,'2022-11-02 16:21:46','2022-11-02 16:21:46'),(262,'M0262','Fami','',1,'2022-11-02 16:21:46','2022-11-02 16:21:46'),(263,'M0263','Vino','',1,'2022-11-02 16:21:46','2022-11-02 16:21:46'),(264,'M0264','Rico','',1,'2022-11-02 16:21:46','2022-11-02 16:21:46'),(265,'M0265','Rainbow','',1,'2022-11-02 16:21:46','2022-11-02 16:21:46'),(266,'M0266','Cargo Lashing','',1,'2022-11-02 16:21:46','2022-11-02 16:21:46'),(267,'M0267','JP','',1,'2022-11-02 16:21:47','2022-11-02 16:21:47'),(268,'M0268','Match','',1,'2022-11-02 16:21:47','2022-11-02 16:21:47'),(269,'M0269','Vinylone','',1,'2022-11-02 16:21:47','2022-11-02 16:21:47'),(270,'M0270','Victory','',1,'2022-11-02 16:21:47','2022-11-02 16:21:47'),(271,'M0271','Pos','',1,'2022-11-02 16:21:47','2022-11-02 16:21:47'),(272,'M0272','Nicestyle','',1,'2022-11-02 16:21:47','2022-11-02 16:21:47'),(273,'M0273','Mustika','',1,'2022-11-02 16:21:47','2022-11-02 16:21:47'),(274,'M0274','Asa Granito','',1,'2022-11-02 16:21:47','2022-11-02 16:21:47'),(275,'M0275','Grante','',1,'2022-11-02 16:21:47','2022-11-02 16:21:47'),(276,'M0276','Gosave','',1,'2022-11-02 16:21:47','2022-11-02 16:21:47'),(277,'M0277','Grinero','',1,'2022-11-02 16:21:47','2022-11-02 16:21:47'),(278,'M0278','Jetri','',1,'2022-11-02 16:21:47','2022-11-02 16:21:47'),(279,'M0279','Aristrokrat','',1,'2022-11-02 16:21:47','2022-11-02 16:21:47'),(280,'M0280','Sanshan','',1,'2022-11-02 16:21:47','2022-11-02 16:21:47'),(281,'M0281','Parco','',1,'2022-11-02 16:21:47','2022-11-02 16:21:47'),(282,'M0282','Opera','',1,'2022-11-02 16:21:47','2022-11-02 16:21:47'),(283,'M0283','Cristal','',1,'2022-11-02 16:21:47','2022-11-02 16:21:47'),(284,'M0284','Regata','',1,'2022-11-02 16:21:47','2022-11-02 16:21:47'),(285,'M0285','Metropolis','',1,'2022-11-02 16:21:47','2022-11-02 16:21:47'),(286,'M0286','Collosal','',1,'2022-11-02 16:21:47','2022-11-02 16:21:47'),(287,'M0287','Alegria','',1,'2022-11-02 16:21:48','2022-11-02 16:21:48'),(288,'M0288','Paris','',1,'2022-11-02 16:21:48','2022-11-02 16:21:48'),(289,'M0289','Stargres','',1,'2022-11-02 16:21:48','2022-11-02 16:21:48'),(290,'M0290','Agatte','',1,'2022-11-02 16:21:48','2022-11-02 16:21:48'),(291,'M0291','Solaris','',1,'2022-11-02 16:21:48','2022-11-02 16:21:48'),(292,'M0292','Icarus','',1,'2022-11-02 16:21:48','2022-11-02 16:21:48'),(293,'M0293','Natural','',1,'2022-11-02 16:21:48','2022-11-02 16:21:48'),(294,'M0294','Flo','',1,'2022-11-02 16:21:48','2022-11-02 16:21:48'),(295,'M0295','Mandalay','',1,'2022-11-02 16:21:48','2022-11-02 16:21:48'),(296,'M0296','Artemis','',1,'2022-11-02 16:21:48','2022-11-02 16:21:48'),(297,'M0297','Massino','',1,'2022-11-02 16:21:48','2022-11-02 16:21:48'),(298,'M0298','Gemilang','',1,'2022-11-02 16:21:48','2022-11-02 16:21:48'),(299,'M0299','Imprezo','',1,'2022-11-02 16:21:48','2022-11-02 16:21:48'),(300,'M0300','Classic','',1,'2022-11-02 16:21:48','2022-11-02 16:21:48'),(301,'M0301','Grand master','',1,'2022-11-02 16:21:48','2022-11-02 16:21:48'),(302,'M0302','Kobin','',1,'2022-11-02 16:21:48','2022-11-02 16:21:48'),(303,'M0303','Grazia','',1,'2022-11-02 16:21:48','2022-11-02 16:21:48'),(304,'M0304','Valencia','',1,'2022-11-02 16:21:48','2022-11-02 16:21:48'),(305,'M0305','Concord','',1,'2022-11-02 16:21:48','2022-11-02 16:21:48'),(306,'M0306','TM','',1,'2022-11-02 16:21:48','2022-11-02 16:21:48'),(307,'M0307','Bellucci','',1,'2022-11-02 16:21:48','2022-11-02 16:21:48'),(308,'M0308','Cap Mata','',1,'2022-11-02 16:21:48','2022-11-02 16:21:48'),(309,'M0309','Pallazo','',1,'2022-11-02 16:21:49','2022-11-02 16:21:49'),(310,'M0310','Sanly','',1,'2022-11-02 16:21:49','2022-11-02 16:21:49'),(311,'M0311','HSJ','',1,'2022-11-02 16:21:49','2022-11-02 16:21:49'),(312,'M0312','Eimas','',1,'2022-11-02 16:21:49','2022-11-02 16:21:49'),(313,'M0313','Vioerte','',1,'2022-11-02 16:21:49','2022-11-02 16:21:49'),(314,'M0314','AIWO','',1,'2022-11-02 16:21:49','2022-11-02 16:21:49'),(315,'M0315','IQ','',1,'2022-11-02 16:21:49','2022-11-02 16:21:49'),(316,'M0316','Jordan','',1,'2022-11-02 16:21:49','2022-11-02 16:21:49'),(317,'M0317','Macht','',1,'2022-11-02 16:21:49','2022-11-02 16:21:49'),(318,'M0318','Prehakson','',1,'2022-11-02 16:21:49','2022-11-02 16:21:49'),(319,'M0319','Vinilone','',1,'2022-11-02 16:21:49','2022-11-02 16:21:49'),(320,'M0320','HSG','',1,'2022-11-02 16:21:49','2022-11-02 16:21:49'),(321,'M0321','Wanly','',1,'2022-11-02 16:21:49','2022-11-02 16:21:49'),(322,'M0322','Sorento','',1,'2022-11-02 16:21:49','2022-11-02 16:21:49'),(323,'M0323','Morechi','',1,'2022-11-02 16:21:49','2022-11-02 16:21:49'),(324,'M0324','BLC','',1,'2022-11-02 16:21:49','2022-11-02 16:21:49'),(325,'M0325','Arnitta','',1,'2022-11-02 16:21:49','2022-11-02 16:21:49'),(326,'M0326','FINN','',1,'2022-11-02 16:21:50','2022-11-02 16:21:50'),(327,'M0327','H.Duty','',1,'2022-11-02 16:21:50','2022-11-02 16:21:50'),(328,'M0328','Iron Hings','',1,'2022-11-02 16:21:50','2022-11-02 16:21:50'),(329,'M0329','Tree Quard','',1,'2022-11-02 16:21:50','2022-11-02 16:21:50'),(330,'M0330','FLC','',1,'2022-11-02 16:21:50','2022-11-02 16:21:50'),(331,'M0331','Trontone','',1,'2022-11-02 16:21:50','2022-11-02 16:21:50'),(332,'M0332','Onassis','',1,'2022-11-02 16:21:50','2022-11-02 16:21:50'),(333,'M0333','Norgen','',1,'2022-11-02 16:21:50','2022-11-02 16:21:50'),(334,'M0334','Estilo','',1,'2022-11-02 16:21:50','2022-11-02 16:21:50'),(335,'M0335','Eiffel','',1,'2022-11-02 16:21:50','2022-11-02 16:21:50'),(336,'M0336','Columbus','',1,'2022-11-02 16:21:50','2022-11-02 16:21:50'),(337,'M0337','Eye Brand','',1,'2022-11-02 16:21:50','2022-11-02 16:21:50'),(338,'M0338','Valor','',1,'2022-11-02 16:21:50','2022-11-02 16:21:50'),(339,'M0339','Vinctory','',1,'2022-11-02 16:21:50','2022-11-02 16:21:50'),(340,'M0340','Warrior','',1,'2022-11-02 16:21:50','2022-11-02 16:21:50'),(341,'M0341','Durable','',1,'2022-11-02 16:21:50','2022-11-02 16:21:50'),(342,'M0342','Vincitory','',1,'2022-11-02 16:21:50','2022-11-02 16:21:50'),(343,'M0343','Bosini','',1,'2022-11-02 16:21:50','2022-11-02 16:21:50'),(344,'M0344','Empire','',1,'2022-11-02 16:21:50','2022-11-02 16:21:50'),(345,'M0345','Lumiere','',1,'2022-11-02 16:21:50','2022-11-02 16:21:50'),(346,'M0346','Saphire','',1,'2022-11-02 16:21:51','2022-11-02 16:21:51'),(347,'M0347','Conch','',1,'2022-11-02 16:21:51','2022-11-02 16:21:51'),(348,'M0348','Tonasa','',1,'2022-11-02 16:21:51','2022-11-02 16:21:51'),(349,'M0349','a Plus','',1,'2022-11-02 16:21:51','2022-11-02 16:21:51'),(350,'M0350','Jaguar','',1,'2022-11-02 16:21:51','2022-11-02 16:21:51'),(351,'M0351','Vincintory','',1,'2022-11-02 16:21:51','2022-11-02 16:21:51'),(352,'M0352','YS','',1,'2022-11-02 16:21:51','2022-11-02 16:21:51'),(353,'M0353','Akebono','',1,'2022-11-02 16:21:51','2022-11-02 16:21:51'),(354,'M0354','AP','',1,'2022-11-02 16:21:51','2022-11-02 16:21:51'),(355,'M0355','Tiger','',1,'2022-11-02 16:21:51','2022-11-02 16:21:51'),(356,'M0356','Rhino','',1,'2022-11-02 16:21:51','2022-11-02 16:21:51'),(357,'M0357','Welpo','',1,'2022-11-02 16:21:51','2022-11-02 16:21:51'),(358,'M0358','Yamamax Pro','',1,'2022-11-02 16:21:51','2022-11-02 16:21:51'),(359,'M0359','Mollar','',1,'2022-11-02 16:21:51','2022-11-02 16:21:51'),(360,'M0360','Accord','',1,'2022-11-02 16:21:51','2022-11-02 16:21:51'),(361,'M0361','Toscano','',1,'2022-11-02 16:21:51','2022-11-02 16:21:51'),(362,'M0362','Onda','',1,'2022-11-02 16:21:51','2022-11-02 16:21:51'),(363,'M0363','Gajah Mada','',1,'2022-11-02 16:21:51','2022-11-02 16:21:51'),(364,'M0364','Topaz','',1,'2022-11-02 16:21:51','2022-11-02 16:21:51'),(365,'M0365','Gajah Nusantara','',1,'2022-11-02 16:21:51','2022-11-02 16:21:51'),(366,'M0366','MSK','',1,'2022-11-02 16:21:51','2022-11-02 16:21:51'),(367,'M0367','Hayata','',1,'2022-11-02 16:21:52','2022-11-02 16:21:52'),(368,'M0368','Fisch','',1,'2022-11-02 16:21:52','2022-11-02 16:21:52'),(369,'M0369','Matahari','',1,'2022-11-02 16:21:52','2022-11-02 16:21:52'),(370,'M0370','Dolphin','',1,'2022-11-02 16:21:52','2022-11-02 16:21:52'),(371,'M0371','Dial','',1,'2022-11-02 16:21:52','2022-11-02 16:21:52'),(372,'M0372','Kura Kura','',1,'2022-11-02 16:21:52','2022-11-02 16:21:52'),(373,'M0373','OW','',1,'2022-11-02 16:21:52','2022-11-02 16:21:52'),(374,'M0374','Imundex','',1,'2022-11-02 16:21:52','2022-11-02 16:21:52'),(375,'M0375','Tree Star','',1,'2022-11-02 16:21:52','2022-11-02 16:21:52'),(376,'M0376','Flying Well','',1,'2022-11-02 16:21:52','2022-11-02 16:21:52'),(377,'M0377','KK','',1,'2022-11-02 16:21:52','2022-11-02 16:21:52'),(378,'M0378','Komodo','',1,'2022-11-02 16:21:52','2022-11-02 16:21:52'),(379,'M0379','Disc Padlock','',1,'2022-11-02 16:21:52','2022-11-02 16:21:52'),(380,'M0380','Two Hammer','',1,'2022-11-02 16:21:52','2022-11-02 16:21:52'),(381,'M0381','Onat Blietek','',1,'2022-11-02 16:21:52','2022-11-02 16:21:52'),(382,'M0382','Carl Schlieper','',1,'2022-11-02 16:21:52','2022-11-02 16:21:52'),(383,'M0383','Elastosil','',1,'2022-11-02 16:21:53','2022-11-02 16:21:53'),(384,'M0384','FFF','',1,'2022-11-02 16:21:53','2022-11-02 16:21:53'),(385,'M0385','Gongju','',1,'2022-11-02 16:21:53','2022-11-02 16:21:53'),(386,'M0386','Smart','',1,'2022-11-02 16:21:53','2022-11-02 16:21:53'),(387,'M0387','Hiosi','',1,'2022-11-02 16:21:53','2022-11-02 16:21:53'),(388,'M0388','Elmns','',1,'2022-11-02 16:21:53','2022-11-02 16:21:53'),(389,'M0390','Sanghai','',1,'2022-11-02 16:21:53','2022-11-02 16:21:53'),(390,'M0392','Furano','',1,'2022-11-02 16:21:53','2022-11-02 16:21:53'),(391,'M0393','Belco','',1,'2022-11-02 16:21:53','2022-11-02 16:21:53'),(392,'M0394','SLG','',1,'2022-11-02 16:21:53','2022-11-02 16:21:53'),(393,'M0395','Ikan Paus','',1,'2022-11-02 16:21:53','2022-11-02 16:21:53'),(394,'M0396','Stamvick','',1,'2022-11-02 16:21:53','2022-11-02 16:21:53'),(395,'M0397','Warlus','',1,'2022-11-02 16:21:53','2022-11-02 16:21:53'),(396,'M0398','Palazzo','',1,'2022-11-02 16:21:53','2022-11-02 16:21:53'),(397,'M0399','Golden Hands','',1,'2022-11-02 16:21:53','2022-11-02 16:21:53'),(398,'M0400','Kimora','',1,'2022-11-02 16:21:53','2022-11-02 16:21:53'),(399,'M0401','Honxi','',1,'2022-11-02 16:21:54','2022-11-02 16:21:54'),(400,'M0402','Bison','',1,'2022-11-02 16:21:54','2022-11-02 16:21:54'),(401,'M0403','Ferrari','',1,'2022-11-02 16:21:54','2022-11-02 16:21:54'),(402,'M0404','Prime Trison','',1,'2022-11-02 16:21:54','2022-11-02 16:21:54'),(403,'M0405','Mofuji','',1,'2022-11-02 16:21:54','2022-11-02 16:21:54'),(404,'M0406','Prohex','',1,'2022-11-02 16:21:54','2022-11-02 16:21:54'),(405,'M0407','Tora','',1,'2022-11-02 16:21:54','2022-11-02 16:21:54'),(406,'M0408','Destec','',1,'2022-11-02 16:21:54','2022-11-02 16:21:54'),(407,'M0409','SF','',1,'2022-11-02 16:21:54','2022-11-02 16:21:54'),(408,'M0410','SQ','',1,'2022-11-02 16:21:54','2022-11-02 16:21:54'),(409,'M0411','Try square','',1,'2022-11-02 16:21:54','2022-11-02 16:21:54'),(410,'M0412','Ekamani','',1,'2022-11-02 16:21:54','2022-11-02 16:21:54'),(411,'M0413','Kawachi','',1,'2022-11-02 16:21:54','2022-11-02 16:21:54'),(412,'M0414','My Berko','',1,'2022-11-02 16:21:54','2022-11-02 16:21:54'),(413,'M0415','ATN','',1,'2022-11-02 16:21:54','2022-11-02 16:21:54'),(414,'M0416','Clipton','',1,'2022-11-02 16:21:54','2022-11-02 16:21:54'),(415,'M0417','Mikawa','',1,'2022-11-02 16:21:55','2022-11-02 16:21:55'),(416,'M0418','Cable Vision','',1,'2022-11-02 16:21:55','2022-11-02 16:21:55'),(417,'M0419','Linux','',1,'2022-11-02 16:21:55','2022-11-02 16:21:55'),(418,'M0420','Masko','',1,'2022-11-02 16:21:55','2022-11-02 16:21:55'),(419,'M0421','Takeda','',1,'2022-11-02 16:21:55','2022-11-02 16:21:55'),(420,'M0422','Artco','',1,'2022-11-02 16:21:55','2022-11-02 16:21:55'),(421,'M0423','Rucika','',1,'2022-11-02 16:21:55','2022-11-02 16:21:55'),(422,'M0424','Jaya','',1,'2022-11-02 16:21:55','2022-11-02 16:21:55'),(423,'M0425','Langgeng','',1,'2022-11-02 16:21:55','2022-11-02 16:21:55'),(424,'M0426','Muller','',1,'2022-11-02 16:21:55','2022-11-02 16:21:55'),(425,'M0427','Papiluz','',1,'2022-11-02 16:21:55','2022-11-02 16:21:55'),(426,'M0428','Ikolo Mozaic','',1,'2022-11-02 16:21:55','2022-11-02 16:21:55'),(427,'M0429','Bromo','',1,'2022-11-02 16:21:55','2022-11-02 16:21:55'),(428,'M0430','Garneto','',1,'2022-11-02 16:21:55','2022-11-02 16:21:55'),(429,'M0431','Grand Digital','',1,'2022-11-02 16:21:55','2022-11-02 16:21:55'),(430,'M0432','Pegasus Tile','',1,'2022-11-02 16:21:55','2022-11-02 16:21:55'),(431,'M0433','Massimo','',1,'2022-11-02 16:21:55','2022-11-02 16:21:55'),(432,'M0434','Florence','',1,'2022-11-02 16:21:55','2022-11-02 16:21:55'),(433,'M0435','Master Piece','',1,'2022-11-02 16:21:55','2022-11-02 16:21:55'),(434,'M0436','ART Kramik','',1,'2022-11-02 16:21:55','2022-11-02 16:21:55'),(435,'M0437','Impresso','',1,'2022-11-02 16:21:56','2022-11-02 16:21:56'),(436,'M0438','Centurion','',1,'2022-11-02 16:21:56','2022-11-02 16:21:56'),(437,'M0439','Element','',1,'2022-11-02 16:21:56','2022-11-02 16:21:56'),(438,'M0440','Samson','',1,'2022-11-02 16:21:56','2022-11-02 16:21:56'),(439,'M0441','WSG','',1,'2022-11-02 16:21:56','2022-11-02 16:21:56'),(440,'M0442','Murah','',1,'2022-11-02 16:21:56','2022-11-02 16:21:56'),(441,'M0443','Star Why','',1,'2022-11-02 16:21:56','2022-11-02 16:21:56'),(442,'M0444','Mono','',1,'2022-11-02 16:21:56','2022-11-02 16:21:56'),(443,'M0445','SKY','',1,'2022-11-02 16:21:56','2022-11-02 16:21:56'),(444,'M0446','Longxing','',1,'2022-11-02 16:21:56','2022-11-02 16:21:56'),(445,'M0447','Velonce','',1,'2022-11-02 16:21:56','2022-11-02 16:21:56'),(446,'M0448','FB','',1,'2022-11-02 16:21:56','2022-11-02 16:21:56'),(447,'M0449','SBY','',1,'2022-11-02 16:21:56','2022-11-02 16:21:56'),(448,'M0450','888','',1,'2022-11-02 16:21:56','2022-11-02 16:21:56'),(449,'M0452','Karawang Singel','',1,'2022-11-02 16:21:56','2022-11-02 16:21:56'),(450,'M0453','Rosa','',1,'2022-11-02 16:21:57','2022-11-02 16:21:57'),(451,'M0454','Honda','',1,'2022-11-02 16:21:57','2022-11-02 16:21:57'),(452,'M0455','STHIL','',1,'2022-11-02 16:21:57','2022-11-02 16:21:57'),(453,'M0456','Mugen','',1,'2022-11-02 16:21:57','2022-11-02 16:21:57'),(454,'M0457','Tyro','',1,'2022-11-02 16:21:57','2022-11-02 16:21:57'),(455,'M0458','Pegasus','',1,'2022-11-02 16:21:57','2022-11-02 16:21:57'),(456,'M0459','Pas','',1,'2022-11-02 16:21:57','2022-11-02 16:21:57'),(457,'M0460','Inti','',1,'2022-11-02 16:21:57','2022-11-02 16:21:57'),(458,'M0461','Eslon','',1,'2022-11-02 16:21:57','2022-11-02 16:21:57'),(459,'M0462','Pacific','',1,'2022-11-02 16:21:57','2022-11-02 16:21:57'),(460,'M0463','FIX','',1,'2022-11-02 16:21:57','2022-11-02 16:21:57'),(461,'M0464','Majesty','',1,'2022-11-02 16:21:57','2022-11-02 16:21:57'),(462,'M0465','Mal','',1,'2022-11-02 16:21:57','2022-11-02 16:21:57'),(463,'M0466','Yosino','',1,'2022-11-02 16:21:57','2022-11-02 16:21:57'),(464,'M0467','DAB','',1,'2022-11-02 16:21:57','2022-11-02 16:21:57'),(465,'M0468','Nan Fang','',1,'2022-11-02 16:21:57','2022-11-02 16:21:57'),(466,'M0469','Adler','',1,'2022-11-02 16:21:57','2022-11-02 16:21:57'),(467,'M0470','Winson','',1,'2022-11-02 16:21:57','2022-11-02 16:21:57'),(468,'M0471','Hang Hai Sen gang','',1,'2022-11-02 16:21:57','2022-11-02 16:21:57'),(469,'M0472','Ruian Huantong','',1,'2022-11-02 16:21:57','2022-11-02 16:21:57'),(470,'M0473','Sunfa','',1,'2022-11-02 16:21:57','2022-11-02 16:21:57'),(471,'M0474','Nylon','',1,'2022-11-02 16:21:58','2022-11-02 16:21:58'),(472,'M0475','Buterfly','',1,'2022-11-02 16:21:58','2022-11-02 16:21:58'),(473,'M0476','Hugong','',1,'2022-11-02 16:21:58','2022-11-02 16:21:58'),(474,'M0477','Liberty','',1,'2022-11-02 16:21:58','2022-11-02 16:21:58'),(475,'M0478','Lipro','',1,'2022-11-02 16:21:58','2022-11-02 16:21:58'),(476,'M0479','Wiha','',1,'2022-11-02 16:21:58','2022-11-02 16:21:58'),(477,'M0480','Tekiro','',1,'2022-11-02 16:21:58','2022-11-02 16:21:58'),(478,'M0481','Drop Forced','',1,'2022-11-02 16:21:58','2022-11-02 16:21:58'),(479,'M0482','Eastman','',1,'2022-11-02 16:21:58','2022-11-02 16:21:58'),(480,'M0483','Nippont','',1,'2022-11-02 16:21:58','2022-11-02 16:21:58'),(481,'M0484','Masonry','',1,'2022-11-02 16:21:58','2022-11-02 16:21:58'),(482,'M0485','CLZ','',1,'2022-11-02 16:21:58','2022-11-02 16:21:58'),(483,'M0486','Cintride','',1,'2022-11-02 16:21:58','2022-11-02 16:21:58'),(484,'M0487','Ayam','',1,'2022-11-02 16:21:58','2022-11-02 16:21:58'),(485,'M0488','Einhill','',1,'2022-11-02 16:21:58','2022-11-02 16:21:58'),(486,'M0489','Toyo','',1,'2022-11-02 16:21:58','2022-11-02 16:21:58'),(487,'M0490','VPR','',1,'2022-11-02 16:21:58','2022-11-02 16:21:58'),(488,'M0491','Starcam','',1,'2022-11-02 16:21:58','2022-11-02 16:21:58'),(489,'M0492','Kovet','',1,'2022-11-02 16:21:58','2022-11-02 16:21:58'),(490,'M0493','Shogun','',1,'2022-11-02 16:21:58','2022-11-02 16:21:58'),(491,'M0494','Antonish','',1,'2022-11-02 16:21:58','2022-11-02 16:21:58'),(492,'M0495','Arrow','',1,'2022-11-02 16:21:58','2022-11-02 16:21:58'),(493,'M0496','Hooya','',1,'2022-11-02 16:21:58','2022-11-02 16:21:58'),(494,'M0497','Corneta','',1,'2022-11-02 16:21:59','2022-11-02 16:21:59'),(495,'M0498','Megaman','',1,'2022-11-02 16:21:59','2022-11-02 16:21:59'),(496,'M0499','V Lite','',1,'2022-11-02 16:21:59','2022-11-02 16:21:59'),(497,'M0500','Aspira','',1,'2022-11-02 16:21:59','2022-11-02 16:21:59'),(498,'M0501','Sonora','',1,'2022-11-02 16:21:59','2022-11-02 16:21:59'),(499,'M0502','Milan Rilan','',1,'2022-11-02 16:21:59','2022-11-02 16:21:59'),(500,'M0503','Schneider','',1,'2022-11-02 16:21:59','2022-11-02 16:21:59'),(501,'M0504','Pyramid','',1,'2022-11-02 16:21:59','2022-11-02 16:21:59'),(502,'M0505','Hammer','',1,'2022-11-02 16:21:59','2022-11-02 16:21:59'),(503,'M0506','Berko','',1,'2022-11-02 16:21:59','2022-11-02 16:21:59'),(504,'M0507','VYBA','',1,'2022-11-02 16:21:59','2022-11-02 16:21:59'),(505,'M0508','Omi','',1,'2022-11-02 16:21:59','2022-11-02 16:21:59'),(506,'M0509','Euro','',1,'2022-11-02 16:21:59','2022-11-02 16:21:59'),(507,'M0510','Metro','',1,'2022-11-02 16:21:59','2022-11-02 16:21:59'),(508,'M0511','Mesa','',1,'2022-11-02 16:21:59','2022-11-02 16:21:59'),(509,'M0512','Cap Tempol','',1,'2022-11-02 16:21:59','2022-11-02 16:21:59'),(510,'M0513','Holy','',1,'2022-11-02 16:21:59','2022-11-02 16:21:59'),(511,'M0514','SAB Casters','',1,'2022-11-02 16:21:59','2022-11-02 16:21:59'),(512,'M0515','Freed','',1,'2022-11-02 16:21:59','2022-11-02 16:21:59'),(513,'M0516','Trisensa','',1,'2022-11-02 16:21:59','2022-11-02 16:21:59'),(514,'M0517','Mickey Mouse','',1,'2022-11-02 16:21:59','2022-11-02 16:21:59'),(515,'M0518','Mosquino','',1,'2022-11-02 16:21:59','2022-11-02 16:21:59'),(516,'M0519','ARB','',1,'2022-11-02 16:22:00','2022-11-02 16:22:00'),(517,'M0520','New Dior','',1,'2022-11-02 16:22:00','2022-11-02 16:22:00'),(518,'M0521','SSSK','',1,'2022-11-02 16:22:00','2022-11-02 16:22:00'),(519,'M0522','TPS Sadtem','',1,'2022-11-02 16:22:00','2022-11-02 16:22:00'),(520,'M0523','DA','',1,'2022-11-02 16:22:00','2022-11-02 16:22:00'),(521,'M0524','Blue Sky','',1,'2022-11-02 16:22:00','2022-11-02 16:22:00'),(522,'M0525','Elmes','',1,'2022-11-02 16:22:00','2022-11-02 16:22:00'),(523,'M0547','Stayer','',1,'2022-11-02 16:22:00','2022-11-02 16:22:01'),(524,'M0527','Paori','',1,'2022-11-02 16:22:00','2022-11-02 16:22:00'),(525,'M0528','808','',1,'2022-11-02 16:22:00','2022-11-02 16:22:00'),(526,'M0529','Cobra','',1,'2022-11-02 16:22:00','2022-11-02 16:22:00'),(527,'M0530','Dekson','',1,'2022-11-02 16:22:00','2022-11-02 16:22:00'),(528,'M0531','Xing DA','',1,'2022-11-02 16:22:00','2022-11-02 16:22:00'),(529,'M0532','Sunrise','',1,'2022-11-02 16:22:00','2022-11-02 16:22:00'),(530,'M0533','Malvin','',1,'2022-11-02 16:22:00','2022-11-02 16:22:00'),(531,'M0535','Wilz','',1,'2022-11-02 16:22:00','2022-11-02 16:22:00'),(532,'M0536','Lippo Paint','',1,'2022-11-02 16:22:00','2022-11-02 16:22:00'),(533,'M0537','Harmoni','',1,'2022-11-02 16:22:00','2022-11-02 16:22:00'),(534,'M0538','Avian','',1,'2022-11-02 16:22:00','2022-11-02 16:22:00'),(535,'M0539','Kembang','',1,'2022-11-02 16:22:00','2022-11-02 16:22:00'),(536,'M0540','Boyo','',1,'2022-11-02 16:22:01','2022-11-02 16:22:01'),(537,'M0541','Cemerlang','',1,'2022-11-02 16:22:01','2022-11-02 16:22:01'),(538,'M0542','Bintang Laut','',1,'2022-11-02 16:22:01','2022-11-02 16:22:01'),(539,'M0543','Isamu','',1,'2022-11-02 16:22:01','2022-11-02 16:22:01'),(540,'M0544','Dayata','',1,'2022-11-02 16:22:01','2022-11-02 16:22:01'),(541,'M0545','NM','',1,'2022-11-02 16:22:01','2022-11-02 16:22:01'),(542,'M0546','Hakamitsu','',1,'2022-11-02 16:22:01','2022-11-02 16:22:01'),(543,'M0548','Carvin','',1,'2022-11-02 16:22:01','2022-11-02 16:22:01'),(544,'M0549','Trilliun','',1,'2022-11-02 16:22:01','2022-11-02 16:22:01'),(545,'M0550','Supra','',1,'2022-11-02 16:22:01','2022-11-02 16:22:01'),(546,'M0551','Haston','',1,'2022-11-02 16:22:01','2022-11-02 16:22:01'),(547,'M0552','OTR 5','',1,'2022-11-02 16:22:01','2022-11-02 16:22:01'),(548,'M0553','Soligen','',1,'2022-11-02 16:22:01','2022-11-02 16:22:01'),(549,'M0554','Handsome','',1,'2022-11-02 16:22:01','2022-11-02 16:22:01'),(550,'M0555','Deskon','',1,'2022-11-02 16:22:01','2022-11-02 16:22:01'),(551,'M0556','Pippo','',1,'2022-11-02 16:22:01','2022-11-02 16:22:01'),(552,'M0557','Profit','',1,'2022-11-02 16:22:01','2022-11-02 16:22:01'),(553,'M0558','Benta mix','',1,'2022-11-02 16:22:02','2022-11-02 16:22:02'),(554,'M0559','Vtech','',1,'2022-11-02 16:22:02','2022-11-02 16:22:02'),(555,'M0560','Nike','',0,'2022-11-03 20:22:58','2022-11-03 20:33:09'),(556,'','Gajahmada',NULL,1,'2022-11-09 16:29:01','2022-11-09 16:29:01'),(557,'M0001','No Merek',NULL,1,'2022-11-11 16:39:38','2022-11-11 16:39:38'),(558,'','Ekamant',NULL,1,'2022-11-13 20:58:44','2022-11-13 20:58:44');
/*!40000 ALTER TABLE `brands` ENABLE KEYS */;
UNLOCK TABLES;

--
-- Table structure for table `cash_registers`
--

DROP TABLE IF EXISTS `cash_registers`;
/*!40101 SET @saved_cs_client     = @@character_set_client */;
/*!40101 SET character_set_client = utf8 */;
CREATE TABLE `cash_registers` (
  `id` int(10) unsigned NOT NULL AUTO_INCREMENT,
  `cash_in_hand` double NOT NULL,
  `user_id` int(11) NOT NULL,
  `warehouse_id` int(11) NOT NULL,
  `status` tinyint(1) NOT NULL,
  `created_at` timestamp NULL DEFAULT NULL,
  `updated_at` timestamp NULL DEFAULT NULL,
  PRIMARY KEY (`id`)
) ENGINE=InnoDB AUTO_INCREMENT=10 DEFAULT CHARSET=utf8mb4 COLLATE=utf8mb4_unicode_ci;
/*!40101 SET character_set_client = @saved_cs_client */;

--
-- Dumping data for table `cash_registers`
--

LOCK TABLES `cash_registers` WRITE;
/*!40000 ALTER TABLE `cash_registers` DISABLE KEYS */;
INSERT INTO `cash_registers` VALUES (1,100,9,1,0,'2020-10-13 06:32:54','2020-10-23 23:27:42'),(2,50,9,1,1,'2020-10-13 14:25:26','2020-10-13 14:25:26'),(3,200,1,1,0,'2020-10-22 06:53:07','2021-06-19 03:52:48'),(4,100,1,2,1,'2020-10-24 00:04:39','2020-10-24 00:04:39'),(5,1000,1,1,1,'2021-06-19 03:53:22','2021-06-19 03:53:22'),(6,50000,1,7,1,'2022-10-09 16:34:22','2022-10-09 16:34:22'),(7,120000,1,9,1,'2022-11-14 16:52:31','2022-11-14 16:52:31'),(8,12000000,1,11,1,'2022-11-14 20:14:11','2022-11-14 20:14:11'),(9,12000000,1,10,1,'2022-11-14 20:14:34','2022-11-14 20:14:34');
/*!40000 ALTER TABLE `cash_registers` ENABLE KEYS */;
UNLOCK TABLES;

--
-- Table structure for table `categories`
--

DROP TABLE IF EXISTS `categories`;
/*!40101 SET @saved_cs_client     = @@character_set_client */;
/*!40101 SET character_set_client = utf8 */;
CREATE TABLE `categories` (
  `id` int(10) unsigned NOT NULL AUTO_INCREMENT,
  `code` varchar(6) COLLATE utf8mb4_unicode_ci NOT NULL,
  `name` varchar(191) COLLATE utf8mb4_unicode_ci NOT NULL,
  `image` varchar(191) COLLATE utf8mb4_unicode_ci DEFAULT NULL,
  `parent_id` int(11) DEFAULT NULL,
  `is_active` tinyint(1) DEFAULT NULL,
  `created_at` timestamp NULL DEFAULT NULL,
  `updated_at` timestamp NULL DEFAULT NULL,
  PRIMARY KEY (`id`)
) ENGINE=InnoDB AUTO_INCREMENT=44 DEFAULT CHARSET=utf8mb4 COLLATE=utf8mb4_unicode_ci;
/*!40101 SET character_set_client = @saved_cs_client */;

--
-- Dumping data for table `categories`
--

LOCK TABLES `categories` WRITE;
/*!40000 ALTER TABLE `categories` DISABLE KEYS */;
INSERT INTO `categories` VALUES (25,'K0001','Toolkit',NULL,NULL,1,'2022-11-02 16:41:17','2022-11-02 16:41:17'),(26,'K0002','Semen',NULL,NULL,1,'2022-11-02 16:41:18','2022-11-02 16:41:18'),(27,'K0003','Keramik & Perlengkapan',NULL,NULL,1,'2022-11-02 16:41:18','2022-11-02 16:41:18'),(28,'K0004','Lampu',NULL,NULL,1,'2022-11-02 16:41:18','2022-11-02 16:41:18'),(29,'K0005','Electrical',NULL,NULL,1,'2022-11-02 16:41:18','2022-11-02 16:41:18'),(30,'K0006','Cat & Perlengkapan',NULL,NULL,1,'2022-11-02 16:41:18','2022-11-02 16:41:18'),(31,'K0007','Pipa & perlengkapan',NULL,NULL,1,'2022-11-02 16:41:18','2022-11-02 16:41:18'),(32,'K0008','Mesin',NULL,NULL,1,'2022-11-02 16:41:18','2022-11-02 16:41:18'),(33,'K0009','Paku',NULL,NULL,1,'2022-11-02 16:41:18','2022-11-02 16:41:18'),(34,'K0010','Besi',NULL,NULL,1,'2022-11-02 16:41:18','2022-11-02 16:41:18'),(35,'K0011','Seng',NULL,NULL,1,'2022-11-02 16:41:18','2022-11-02 16:41:18'),(36,'K0012','Kayu',NULL,NULL,1,'2022-11-02 16:41:18','2022-11-02 16:41:18'),(37,'K0013','Safety',NULL,NULL,1,'2022-11-02 16:41:18','2022-11-02 16:41:18'),(38,'K0014','Aksesoris',NULL,NULL,1,'2022-11-02 16:41:19','2022-11-02 16:41:19'),(39,'K0015','Pintu & Jendela',NULL,NULL,1,'2022-11-02 16:41:19','2022-11-02 16:41:19'),(40,'K0016','Peralatan lainnya',NULL,NULL,1,'2022-11-02 16:41:19','2022-11-02 16:41:19'),(41,'K0017','Baut',NULL,NULL,1,'2022-11-02 16:41:19','2022-11-02 16:41:19'),(43,'0018','view',NULL,NULL,1,'2022-11-03 16:48:28','2022-11-03 16:48:28');
/*!40000 ALTER TABLE `categories` ENABLE KEYS */;
UNLOCK TABLES;

--
-- Table structure for table `coupons`
--

DROP TABLE IF EXISTS `coupons`;
/*!40101 SET @saved_cs_client     = @@character_set_client */;
/*!40101 SET character_set_client = utf8 */;
CREATE TABLE `coupons` (
  `id` int(10) unsigned NOT NULL AUTO_INCREMENT,
  `code` varchar(191) COLLATE utf8mb4_unicode_ci NOT NULL,
  `type` varchar(191) COLLATE utf8mb4_unicode_ci NOT NULL,
  `amount` double NOT NULL,
  `minimum_amount` double DEFAULT NULL,
  `quantity` int(11) NOT NULL,
  `used` int(11) NOT NULL,
  `expired_date` date NOT NULL,
  `user_id` int(11) NOT NULL,
  `is_active` tinyint(1) NOT NULL,
  `created_at` timestamp NULL DEFAULT NULL,
  `updated_at` timestamp NULL DEFAULT NULL,
  PRIMARY KEY (`id`)
) ENGINE=InnoDB AUTO_INCREMENT=5 DEFAULT CHARSET=utf8mb4 COLLATE=utf8mb4_unicode_ci;
/*!40101 SET character_set_client = @saved_cs_client */;

--
-- Dumping data for table `coupons`
--

LOCK TABLES `coupons` WRITE;
/*!40000 ALTER TABLE `coupons` DISABLE KEYS */;
INSERT INTO `coupons` VALUES (1,'sonar bangla','percentage',20,0,100,4,'2020-11-19',1,1,'2018-10-25 21:38:50','2020-11-17 23:52:39'),(2,'i love bangladesh','fixed',200,1000,50,1,'2018-12-31',1,1,'2018-10-27 01:59:26','2019-03-02 04:46:48'),(3,'DISKON50','percentage',50,NULL,100,0,'2022-10-31',1,1,'2022-10-11 04:30:58','2022-10-11 04:30:58'),(4,'promo70','percentage',70,NULL,10,0,'2022-10-15',1,1,'2022-10-11 04:32:38','2022-10-11 04:32:38');
/*!40000 ALTER TABLE `coupons` ENABLE KEYS */;
UNLOCK TABLES;

--
-- Table structure for table `currencies`
--

DROP TABLE IF EXISTS `currencies`;
/*!40101 SET @saved_cs_client     = @@character_set_client */;
/*!40101 SET character_set_client = utf8 */;
CREATE TABLE `currencies` (
  `id` bigint(20) unsigned NOT NULL AUTO_INCREMENT,
  `name` varchar(191) COLLATE utf8mb4_unicode_ci NOT NULL,
  `code` varchar(191) COLLATE utf8mb4_unicode_ci NOT NULL,
  `exchange_rate` double NOT NULL,
  `created_at` timestamp NULL DEFAULT NULL,
  `updated_at` timestamp NULL DEFAULT NULL,
  PRIMARY KEY (`id`)
) ENGINE=InnoDB AUTO_INCREMENT=4 DEFAULT CHARSET=utf8mb4 COLLATE=utf8mb4_unicode_ci;
/*!40101 SET character_set_client = @saved_cs_client */;

--
-- Dumping data for table `currencies`
--

LOCK TABLES `currencies` WRITE;
/*!40000 ALTER TABLE `currencies` DISABLE KEYS */;
INSERT INTO `currencies` VALUES (1,'Rupiah','Rp',2,'2022-03-23 19:33:42','2022-03-23 22:58:40'),(2,'Euro','Euro',0.85,'2020-11-01 00:29:12','2020-11-10 22:15:34');
/*!40000 ALTER TABLE `currencies` ENABLE KEYS */;
UNLOCK TABLES;

--
-- Table structure for table `customer_groups`
--

DROP TABLE IF EXISTS `customer_groups`;
/*!40101 SET @saved_cs_client     = @@character_set_client */;
/*!40101 SET character_set_client = utf8 */;
CREATE TABLE `customer_groups` (
  `id` int(10) unsigned NOT NULL AUTO_INCREMENT,
  `name` varchar(191) COLLATE utf8mb4_unicode_ci NOT NULL,
  `percentage` varchar(191) COLLATE utf8mb4_unicode_ci NOT NULL,
  `is_active` tinyint(1) DEFAULT NULL,
  `created_at` timestamp NULL DEFAULT NULL,
  `updated_at` timestamp NULL DEFAULT NULL,
  PRIMARY KEY (`id`)
) ENGINE=InnoDB AUTO_INCREMENT=6 DEFAULT CHARSET=utf8mb4 COLLATE=utf8mb4_unicode_ci;
/*!40101 SET character_set_client = @saved_cs_client */;

--
-- Dumping data for table `customer_groups`
--

LOCK TABLES `customer_groups` WRITE;
/*!40000 ALTER TABLE `customer_groups` DISABLE KEYS */;
INSERT INTO `customer_groups` VALUES (1,'general','0',1,'2018-05-12 07:09:36','2019-03-02 05:01:35'),(2,'distributor','-10',1,'2018-05-12 07:12:14','2019-03-02 05:02:12'),(3,'reseller','5',1,'2018-05-12 07:12:26','2018-05-30 00:18:14'),(4,'test','12',0,'2018-05-30 00:17:16','2018-05-30 00:17:57'),(5,'test','0',0,'2018-08-03 08:10:27','2018-08-03 08:10:34');
/*!40000 ALTER TABLE `customer_groups` ENABLE KEYS */;
UNLOCK TABLES;

--
-- Table structure for table `customers`
--

DROP TABLE IF EXISTS `customers`;
/*!40101 SET @saved_cs_client     = @@character_set_client */;
/*!40101 SET character_set_client = utf8 */;
CREATE TABLE `customers` (
  `id` int(10) unsigned NOT NULL AUTO_INCREMENT,
  `customer_group_id` int(11) NOT NULL,
  `user_id` int(11) DEFAULT NULL,
  `name` varchar(191) COLLATE utf8mb4_unicode_ci NOT NULL,
  `company_name` varchar(191) COLLATE utf8mb4_unicode_ci DEFAULT NULL,
  `email` varchar(191) COLLATE utf8mb4_unicode_ci DEFAULT NULL,
  `phone_number` varchar(191) COLLATE utf8mb4_unicode_ci NOT NULL,
  `tax_no` varchar(191) COLLATE utf8mb4_unicode_ci DEFAULT NULL,
  `address` varchar(191) COLLATE utf8mb4_unicode_ci NOT NULL,
  `city` varchar(191) COLLATE utf8mb4_unicode_ci NOT NULL,
  `state` varchar(191) COLLATE utf8mb4_unicode_ci DEFAULT NULL,
  `postal_code` varchar(191) COLLATE utf8mb4_unicode_ci DEFAULT NULL,
  `country` varchar(191) COLLATE utf8mb4_unicode_ci DEFAULT NULL,
  `points` double DEFAULT NULL,
  `deposit` double DEFAULT NULL,
  `expense` double DEFAULT NULL,
  `is_active` tinyint(1) DEFAULT NULL,
  `created_at` timestamp NULL DEFAULT NULL,
  `updated_at` timestamp NULL DEFAULT NULL,
  PRIMARY KEY (`id`)
) ENGINE=InnoDB AUTO_INCREMENT=28 DEFAULT CHARSET=utf8mb4 COLLATE=utf8mb4_unicode_ci;
/*!40101 SET character_set_client = @saved_cs_client */;

--
-- Dumping data for table `customers`
--

LOCK TABLES `customers` WRITE;
/*!40000 ALTER TABLE `customers` DISABLE KEYS */;
INSERT INTO `customers` VALUES (1,1,22,'dhiman','lioncoders','dhiman@gmail.com','+8801111111101','','kajir deuri','chittagong','','','bd',127,190,20,1,'2018-05-12 09:00:48','2022-03-21 04:57:31'),(2,2,0,'moinul','lioncoders','','+8801200000001','','jamalkhan','chittagong','','','bd',0,100,20,1,'2018-05-12 09:04:51','2019-02-22 04:38:08'),(3,3,0,'tariq','big tree','','3424','','khulshi','chittagong','','','bd',1960,0,0,1,'2018-05-12 09:07:52','2022-05-23 07:41:17'),(4,1,0,'test','','','4234','','frwerw','qwerwqr','','','',0,0,0,0,'2018-05-30 00:35:28','2018-05-30 00:37:38'),(8,1,0,'anwar','smart it','anwar@smartit.com','32321','','nasirabad','chittagong','','','bd',0,0,0,0,'2018-09-01 02:26:13','2018-09-01 02:29:55'),(11,1,0,'walk-in-customer',NULL,NULL,'0','11111','mohammadpur','dhaka',NULL,NULL,NULL,80622,0,0,1,'2018-09-02 00:30:54','2022-10-12 21:21:50'),(15,1,0,'s','','','2','','s','3e','','','',0,0,0,0,'2018-11-05 03:00:39','2018-11-08 02:37:08'),(16,1,0,'asas','','','2121','','dasd','asdd','','','',0,0,0,0,'2018-11-30 23:07:53','2018-12-03 20:55:46'),(17,1,0,'sadman','','','312312','','khulshi','ctg','','','',0,0,0,0,'2020-06-22 08:45:35','2020-06-22 08:45:51'),(19,1,19,'Ashfaq','Digital image','shakalaka@gmail.com','1212','999','Andorkillah','Chittagong','Chittagong','1234','Bangladesh',6,0,0,1,'2020-11-08 23:07:16','2021-10-14 08:58:20'),(21,1,21,'Modon Miya','modon company','modon@gmail.com','2222','','kuril road','Dhaka','','','',0,0,0,1,'2020-11-13 06:12:11','2020-11-13 06:12:11'),(25,1,28,'Imran miya','','imran@gmail.com','01923000001','','kljkj','hhjhh','','','',0,0,0,0,'2021-02-04 05:26:47','2021-02-04 05:26:47'),(26,3,NULL,'Customer A','-','qazx@mail.com','29031847',NULL,'Jalan A','Kota A','A','11111','B',NULL,NULL,NULL,1,'2022-05-18 01:09:23','2022-05-18 01:09:23'),(27,1,NULL,'Customer A','cust','cust12@mail.com','1234',NULL,'asdf','Jaksel','asd',NULL,'ID',NULL,NULL,NULL,1,'2022-05-18 01:18:18','2022-05-18 01:18:18');
/*!40000 ALTER TABLE `customers` ENABLE KEYS */;
UNLOCK TABLES;

--
-- Table structure for table `deliveries`
--

DROP TABLE IF EXISTS `deliveries`;
/*!40101 SET @saved_cs_client     = @@character_set_client */;
/*!40101 SET character_set_client = utf8 */;
CREATE TABLE `deliveries` (
  `id` int(10) unsigned NOT NULL AUTO_INCREMENT,
  `reference_no` varchar(191) COLLATE utf8mb4_unicode_ci NOT NULL,
  `sale_id` int(11) NOT NULL,
  `user_id` int(11) DEFAULT NULL,
  `address` text COLLATE utf8mb4_unicode_ci NOT NULL,
  `delivered_by` varchar(191) COLLATE utf8mb4_unicode_ci DEFAULT NULL,
  `recieved_by` varchar(191) COLLATE utf8mb4_unicode_ci DEFAULT NULL,
  `file` varchar(191) COLLATE utf8mb4_unicode_ci DEFAULT NULL,
  `note` varchar(191) COLLATE utf8mb4_unicode_ci DEFAULT NULL,
  `status` varchar(191) COLLATE utf8mb4_unicode_ci NOT NULL,
  `created_at` timestamp NULL DEFAULT NULL,
  `updated_at` timestamp NULL DEFAULT NULL,
  PRIMARY KEY (`id`)
) ENGINE=InnoDB AUTO_INCREMENT=6 DEFAULT CHARSET=utf8mb4 COLLATE=utf8mb4_unicode_ci;
/*!40101 SET character_set_client = @saved_cs_client */;

--
-- Dumping data for table `deliveries`
--

LOCK TABLES `deliveries` WRITE;
/*!40000 ALTER TABLE `deliveries` DISABLE KEYS */;
INSERT INTO `deliveries` VALUES (1,'dr-20180808-044431',1,1,'kajir deuri chittagong bd','abul','dhiman','','Instrument 1','3','2018-08-08 09:44:55','2020-09-26 11:25:39'),(2,'dr-20181106-105936',88,1,'mohammadpur dhaka','','','','','2','2018-11-06 03:59:43','2018-11-06 04:10:38'),(3,'dr-20181106-111321',79,1,'mohammadpur dhaka','Harun','Amjad','','','3','2018-11-06 04:13:25','2020-09-26 12:22:11'),(5,'dr-20220807-053935',372,1,'mohammadpur dhaka',NULL,NULL,NULL,NULL,'1','2022-08-06 22:40:02','2022-08-06 22:40:02');
/*!40000 ALTER TABLE `deliveries` ENABLE KEYS */;
UNLOCK TABLES;

--
-- Table structure for table `departments`
--

DROP TABLE IF EXISTS `departments`;
/*!40101 SET @saved_cs_client     = @@character_set_client */;
/*!40101 SET character_set_client = utf8 */;
CREATE TABLE `departments` (
  `id` int(10) unsigned NOT NULL AUTO_INCREMENT,
  `name` varchar(191) COLLATE utf8mb4_unicode_ci NOT NULL,
  `is_active` tinyint(1) NOT NULL,
  `created_at` timestamp NULL DEFAULT NULL,
  `updated_at` timestamp NULL DEFAULT NULL,
  PRIMARY KEY (`id`)
) ENGINE=InnoDB AUTO_INCREMENT=3 DEFAULT CHARSET=utf8mb4 COLLATE=utf8mb4_unicode_ci;
/*!40101 SET character_set_client = @saved_cs_client */;

--
-- Dumping data for table `departments`
--

LOCK TABLES `departments` WRITE;
/*!40000 ALTER TABLE `departments` DISABLE KEYS */;
INSERT INTO `departments` VALUES (1,'Sale',1,'2018-12-27 04:16:47','2018-12-27 09:40:23'),(2,'xyz',1,'2018-12-27 09:28:47','2018-12-27 09:28:47');
/*!40000 ALTER TABLE `departments` ENABLE KEYS */;
UNLOCK TABLES;

--
-- Table structure for table `deposits`
--

DROP TABLE IF EXISTS `deposits`;
/*!40101 SET @saved_cs_client     = @@character_set_client */;
/*!40101 SET character_set_client = utf8 */;
CREATE TABLE `deposits` (
  `id` int(10) unsigned NOT NULL AUTO_INCREMENT,
  `amount` double NOT NULL,
  `customer_id` int(11) NOT NULL,
  `user_id` int(11) NOT NULL,
  `note` text COLLATE utf8mb4_unicode_ci DEFAULT NULL,
  `created_at` timestamp NULL DEFAULT NULL,
  `updated_at` timestamp NULL DEFAULT NULL,
  PRIMARY KEY (`id`)
) ENGINE=InnoDB AUTO_INCREMENT=6 DEFAULT CHARSET=utf8mb4 COLLATE=utf8mb4_unicode_ci;
/*!40101 SET character_set_client = @saved_cs_client */;

--
-- Dumping data for table `deposits`
--

LOCK TABLES `deposits` WRITE;
/*!40000 ALTER TABLE `deposits` DISABLE KEYS */;
INSERT INTO `deposits` VALUES (1,90,1,1,'first deposit','2018-08-25 21:48:23','2018-08-26 00:18:55'),(3,100,2,1,'','2018-08-25 23:53:16','2018-08-26 20:42:39'),(4,50,1,1,'','2018-09-04 21:56:19','2018-09-04 21:56:19'),(5,50,1,1,'','2018-09-09 23:08:40','2018-09-09 23:08:40');
/*!40000 ALTER TABLE `deposits` ENABLE KEYS */;
UNLOCK TABLES;

--
-- Table structure for table `employees`
--

DROP TABLE IF EXISTS `employees`;
/*!40101 SET @saved_cs_client     = @@character_set_client */;
/*!40101 SET character_set_client = utf8 */;
CREATE TABLE `employees` (
  `id` int(10) unsigned NOT NULL AUTO_INCREMENT,
  `name` varchar(191) COLLATE utf8mb4_unicode_ci NOT NULL,
  `email` varchar(191) COLLATE utf8mb4_unicode_ci NOT NULL,
  `phone_number` varchar(191) COLLATE utf8mb4_unicode_ci NOT NULL,
  `department_id` int(11) NOT NULL,
  `user_id` int(11) DEFAULT NULL,
  `image` varchar(191) COLLATE utf8mb4_unicode_ci DEFAULT NULL,
  `address` varchar(191) COLLATE utf8mb4_unicode_ci DEFAULT NULL,
  `city` varchar(191) COLLATE utf8mb4_unicode_ci DEFAULT NULL,
  `country` varchar(191) COLLATE utf8mb4_unicode_ci DEFAULT NULL,
  `is_active` tinyint(1) NOT NULL,
  `created_at` timestamp NULL DEFAULT NULL,
  `updated_at` timestamp NULL DEFAULT NULL,
  PRIMARY KEY (`id`)
) ENGINE=InnoDB AUTO_INCREMENT=7 DEFAULT CHARSET=utf8mb4 COLLATE=utf8mb4_unicode_ci;
/*!40101 SET character_set_client = @saved_cs_client */;

--
-- Dumping data for table `employees`
--

LOCK TABLES `employees` WRITE;
/*!40000 ALTER TABLE `employees` DISABLE KEYS */;
INSERT INTO `employees` VALUES (1,'john','john@gmail.com','10001',2,12,'johngmailcom.jpg','GEC','chittagong','Bangladesh',1,'2018-12-29 23:48:37','2019-03-02 05:50:23'),(3,'tests','test@test.com','111',1,0,'','','','',0,'2018-12-30 21:20:51','2022-07-13 05:52:22'),(6,'test','1232@qwe','123123',1,35,NULL,NULL,NULL,NULL,0,'2022-07-13 05:51:56','2022-07-13 05:52:12');
/*!40000 ALTER TABLE `employees` ENABLE KEYS */;
UNLOCK TABLES;

--
-- Table structure for table `expense_categories`
--

DROP TABLE IF EXISTS `expense_categories`;
/*!40101 SET @saved_cs_client     = @@character_set_client */;
/*!40101 SET character_set_client = utf8 */;
CREATE TABLE `expense_categories` (
  `id` int(10) unsigned NOT NULL AUTO_INCREMENT,
  `code` varchar(191) COLLATE utf8mb4_unicode_ci NOT NULL,
  `name` varchar(191) COLLATE utf8mb4_unicode_ci NOT NULL,
  `is_active` tinyint(1) NOT NULL,
  `created_at` timestamp NULL DEFAULT NULL,
  `updated_at` timestamp NULL DEFAULT NULL,
  PRIMARY KEY (`id`)
) ENGINE=InnoDB AUTO_INCREMENT=5 DEFAULT CHARSET=utf8mb4 COLLATE=utf8mb4_unicode_ci;
/*!40101 SET character_set_client = @saved_cs_client */;

--
-- Dumping data for table `expense_categories`
--

LOCK TABLES `expense_categories` WRITE;
/*!40000 ALTER TABLE `expense_categories` DISABLE KEYS */;
INSERT INTO `expense_categories` VALUES (1,'16718342','washing',1,'2018-08-15 23:32:48','2019-03-02 06:02:07'),(2,'60128975','electric bill',1,'2018-08-15 23:39:18','2018-08-15 23:39:18'),(3,'83954970','test',0,'2018-08-15 23:50:28','2018-08-15 23:51:40'),(4,'1234','snacks',1,'2018-09-01 01:40:04','2018-09-01 01:40:04');
/*!40000 ALTER TABLE `expense_categories` ENABLE KEYS */;
UNLOCK TABLES;

--
-- Table structure for table `expenses`
--

DROP TABLE IF EXISTS `expenses`;
/*!40101 SET @saved_cs_client     = @@character_set_client */;
/*!40101 SET character_set_client = utf8 */;
CREATE TABLE `expenses` (
  `id` int(10) unsigned NOT NULL AUTO_INCREMENT,
  `reference_no` varchar(191) COLLATE utf8mb4_unicode_ci NOT NULL,
  `expense_category_id` int(11) NOT NULL,
  `warehouse_id` int(11) NOT NULL,
  `account_id` int(11) NOT NULL,
  `user_id` int(11) NOT NULL,
  `cash_register_id` int(11) DEFAULT NULL,
  `amount` double NOT NULL,
  `note` text COLLATE utf8mb4_unicode_ci DEFAULT NULL,
  `created_at` timestamp NULL DEFAULT NULL,
  `updated_at` timestamp NULL DEFAULT NULL,
  PRIMARY KEY (`id`)
) ENGINE=InnoDB AUTO_INCREMENT=39 DEFAULT CHARSET=utf8mb4 COLLATE=utf8mb4_unicode_ci;
/*!40101 SET character_set_client = @saved_cs_client */;

--
-- Dumping data for table `expenses`
--

LOCK TABLES `expenses` WRITE;
/*!40000 ALTER TABLE `expenses` DISABLE KEYS */;
INSERT INTO `expenses` VALUES (2,'er-20180817-012254',1,2,1,1,0,150,'first expense...','2018-08-17 06:22:54','2018-08-17 06:44:13'),(3,'er-20180817-014241',1,1,1,1,0,125,'second expense...','2018-08-17 06:42:41','2018-08-17 06:43:50'),(4,'er-20181022-043609',2,1,1,1,0,1000,'','2018-10-22 09:36:09','2018-10-22 09:36:09'),(5,'er-20181101-050207',2,2,1,1,0,1000,'','2018-10-31 22:02:07','2018-10-31 22:02:07'),(6,'er-20181101-050231',2,1,1,1,0,550,'','2018-10-31 22:02:31','2018-10-31 22:02:31'),(7,'er-20181105-091913',1,1,1,1,0,2000,'','2018-11-05 02:19:13','2018-11-05 02:19:13'),(8,'er-20181105-091929',2,2,1,1,0,1000,'','2018-11-05 02:19:29','2018-11-05 02:19:29'),(9,'er-20190101-063342',2,1,1,1,0,100,'','2018-12-31 23:33:42','2018-12-31 23:33:42'),(10,'er-20190103-070018',2,2,1,9,0,2000,'','2019-01-03 00:00:18','2019-01-03 00:00:18'),(11,'er-20190209-104656',2,2,1,1,0,500,'','2019-02-09 03:46:56','2019-02-09 03:46:56'),(12,'er-20190209-104716',2,1,1,1,0,400,'','2019-02-09 03:47:16','2019-02-09 03:47:16'),(14,'er-20190303-104142',2,2,1,1,0,250,'jjj','2019-03-03 03:41:42','2019-03-20 08:17:16'),(15,'er-20190404-095645',2,1,1,1,0,200,'','2019-04-04 02:56:45','2019-04-04 02:56:45'),(16,'er-20190528-103306',2,1,1,1,0,560,'','2019-05-28 03:33:06','2019-05-28 03:33:06'),(17,'er-20190528-103325',2,2,1,1,0,600,'','2019-05-28 03:33:25','2019-05-28 03:33:25'),(19,'er-20190613-101955',2,2,1,1,0,800,'','2019-06-13 03:19:55','2019-06-13 03:19:55'),(20,'er-20191019-033149',2,1,1,1,0,300,'','2019-10-19 08:31:49','2019-10-19 08:31:49'),(21,'er-20191222-023508',2,1,1,1,0,550,'','2019-12-22 07:35:08','2019-12-22 07:35:08'),(22,'er-20200101-022304',2,2,1,1,0,500,'','2020-01-01 07:23:04','2020-01-01 07:23:04'),(23,'er-20200204-105938',1,1,1,1,0,400,'','2020-02-04 15:59:38','2020-02-04 15:59:38'),(24,'er-20200204-105957',1,2,1,1,0,350,'','2020-02-04 15:59:57','2020-02-04 15:59:57'),(25,'er-20200406-075239',2,2,1,1,0,750,'','2020-04-06 12:52:39','2020-04-06 12:52:39'),(26,'er-20200506-110112',2,2,1,1,0,1260,'','2020-05-06 16:01:12','2020-05-06 16:01:12'),(27,'er-20200609-124344',2,1,1,1,0,500,'','2020-06-09 05:43:44','2020-06-09 05:43:44'),(28,'er-20200609-124406',2,2,1,1,0,1000,'','2020-06-09 05:44:06','2020-06-09 05:44:06'),(29,'er-20200703-064005',2,2,1,1,0,630,'','2020-07-03 11:40:05','2020-07-03 11:40:05'),(30,'er-20200812-062947',1,2,1,1,0,320,'','2020-08-12 11:29:47','2020-08-12 11:29:47'),(31,'er-20200812-063010',2,2,1,1,0,730,'','2020-08-12 11:30:10','2020-08-12 11:30:10'),(32,'er-20201018-124438',2,1,1,9,2,100,'','2020-10-18 05:44:38','2020-10-18 05:44:38'),(33,'er-20201101-072257',1,2,1,1,4,50,'','2020-11-01 00:22:57','2020-11-01 00:22:57'),(34,'er-20201118-062500',4,1,1,1,3,200,'','2020-11-17 23:25:00','2020-11-17 23:25:00'),(37,'er-20210114-065938',2,2,1,1,4,25.5,'','2021-01-13 23:59:38','2021-01-13 23:59:38'),(38,'er-20210601-075909',2,1,1,1,3,100,'','2021-06-01 12:59:09','2021-06-01 12:59:09');
/*!40000 ALTER TABLE `expenses` ENABLE KEYS */;
UNLOCK TABLES;

--
-- Table structure for table `failed_jobs`
--

DROP TABLE IF EXISTS `failed_jobs`;
/*!40101 SET @saved_cs_client     = @@character_set_client */;
/*!40101 SET character_set_client = utf8 */;
CREATE TABLE `failed_jobs` (
  `id` bigint(20) unsigned NOT NULL AUTO_INCREMENT,
  `connection` text COLLATE utf8mb4_unicode_ci NOT NULL,
  `queue` text COLLATE utf8mb4_unicode_ci NOT NULL,
  `payload` longtext COLLATE utf8mb4_unicode_ci NOT NULL,
  `exception` longtext COLLATE utf8mb4_unicode_ci NOT NULL,
  `failed_at` timestamp NOT NULL DEFAULT current_timestamp(),
  PRIMARY KEY (`id`)
) ENGINE=InnoDB DEFAULT CHARSET=utf8mb4 COLLATE=utf8mb4_unicode_ci;
/*!40101 SET character_set_client = @saved_cs_client */;

--
-- Dumping data for table `failed_jobs`
--

LOCK TABLES `failed_jobs` WRITE;
/*!40000 ALTER TABLE `failed_jobs` DISABLE KEYS */;
/*!40000 ALTER TABLE `failed_jobs` ENABLE KEYS */;
UNLOCK TABLES;

--
-- Table structure for table `general_settings`
--

DROP TABLE IF EXISTS `general_settings`;
/*!40101 SET @saved_cs_client     = @@character_set_client */;
/*!40101 SET character_set_client = utf8 */;
CREATE TABLE `general_settings` (
  `id` int(10) unsigned NOT NULL AUTO_INCREMENT,
  `site_title` varchar(191) COLLATE utf8mb4_unicode_ci NOT NULL,
  `site_logo` varchar(191) COLLATE utf8mb4_unicode_ci DEFAULT NULL,
  `is_rtl` tinyint(1) DEFAULT NULL,
  `currency` varchar(191) COLLATE utf8mb4_unicode_ci NOT NULL,
  `staff_access` varchar(191) COLLATE utf8mb4_unicode_ci NOT NULL,
  `date_format` varchar(191) COLLATE utf8mb4_unicode_ci NOT NULL,
  `developed_by` varchar(191) COLLATE utf8mb4_unicode_ci DEFAULT NULL,
  `invoice_format` varchar(191) COLLATE utf8mb4_unicode_ci DEFAULT NULL,
  `state` int(11) DEFAULT NULL,
  `theme` varchar(191) COLLATE utf8mb4_unicode_ci NOT NULL,
  `created_at` timestamp NULL DEFAULT NULL,
  `updated_at` timestamp NULL DEFAULT NULL,
  `currency_position` varchar(191) COLLATE utf8mb4_unicode_ci NOT NULL,
  PRIMARY KEY (`id`)
) ENGINE=InnoDB AUTO_INCREMENT=2 DEFAULT CHARSET=utf8mb4 COLLATE=utf8mb4_unicode_ci;
/*!40101 SET character_set_client = @saved_cs_client */;

--
-- Dumping data for table `general_settings`
--

LOCK TABLES `general_settings` WRITE;
/*!40000 ALTER TABLE `general_settings` DISABLE KEYS */;
INSERT INTO `general_settings` VALUES (1,'POSku','20220324041756.jpeg',0,'1','all','d-m-Y','Anonymous','standard',1,'default.css','2018-07-06 05:13:11','2022-10-11 02:11:12','prefix');
/*!40000 ALTER TABLE `general_settings` ENABLE KEYS */;
UNLOCK TABLES;

--
-- Table structure for table `gift_card_recharges`
--

DROP TABLE IF EXISTS `gift_card_recharges`;
/*!40101 SET @saved_cs_client     = @@character_set_client */;
/*!40101 SET character_set_client = utf8 */;
CREATE TABLE `gift_card_recharges` (
  `id` int(10) unsigned NOT NULL AUTO_INCREMENT,
  `gift_card_id` int(11) NOT NULL,
  `amount` double NOT NULL,
  `user_id` int(11) NOT NULL,
  `created_at` timestamp NULL DEFAULT NULL,
  `updated_at` timestamp NULL DEFAULT NULL,
  PRIMARY KEY (`id`)
) ENGINE=InnoDB AUTO_INCREMENT=13 DEFAULT CHARSET=utf8mb4 COLLATE=utf8mb4_unicode_ci;
/*!40101 SET character_set_client = @saved_cs_client */;

--
-- Dumping data for table `gift_card_recharges`
--

LOCK TABLES `gift_card_recharges` WRITE;
/*!40000 ALTER TABLE `gift_card_recharges` DISABLE KEYS */;
INSERT INTO `gift_card_recharges` VALUES (1,2,100,1,'2018-08-24 22:08:29','2018-08-24 22:08:29'),(2,1,200,1,'2018-08-24 22:08:50','2018-08-24 22:08:50'),(3,1,100,1,'2018-09-04 22:50:41','2018-09-04 22:50:41'),(4,1,50,1,'2018-09-04 22:51:38','2018-09-04 22:51:38'),(5,1,50,1,'2018-09-04 22:53:36','2018-09-04 22:53:36'),(6,2,50,1,'2018-09-04 22:54:34','2018-09-04 22:54:34'),(7,5,10,1,'2018-09-29 23:19:48','2018-09-29 23:19:48'),(8,5,10,1,'2018-09-29 23:20:04','2018-09-29 23:20:04'),(9,2,100,1,'2018-10-07 02:13:05','2018-10-07 02:13:05'),(10,1,200,1,'2018-10-07 02:13:39','2018-10-07 02:13:39'),(11,1,300,1,'2018-10-22 23:22:49','2018-10-22 23:22:49'),(12,2,130,1,'2021-02-11 06:36:01','2021-02-11 06:36:01');
/*!40000 ALTER TABLE `gift_card_recharges` ENABLE KEYS */;
UNLOCK TABLES;

--
-- Table structure for table `gift_cards`
--

DROP TABLE IF EXISTS `gift_cards`;
/*!40101 SET @saved_cs_client     = @@character_set_client */;
/*!40101 SET character_set_client = utf8 */;
CREATE TABLE `gift_cards` (
  `id` int(10) unsigned NOT NULL AUTO_INCREMENT,
  `card_no` varchar(191) COLLATE utf8mb4_unicode_ci NOT NULL,
  `amount` double NOT NULL,
  `expense` double NOT NULL,
  `customer_id` int(11) DEFAULT NULL,
  `user_id` int(11) DEFAULT NULL,
  `expired_date` date DEFAULT NULL,
  `created_by` int(11) NOT NULL,
  `is_active` tinyint(1) NOT NULL,
  `created_at` timestamp NULL DEFAULT NULL,
  `updated_at` timestamp NULL DEFAULT NULL,
  PRIMARY KEY (`id`)
) ENGINE=InnoDB AUTO_INCREMENT=8 DEFAULT CHARSET=utf8mb4 COLLATE=utf8mb4_unicode_ci;
/*!40101 SET character_set_client = @saved_cs_client */;

--
-- Dumping data for table `gift_cards`
--

LOCK TABLES `gift_cards` WRITE;
/*!40000 ALTER TABLE `gift_cards` DISABLE KEYS */;
INSERT INTO `gift_cards` VALUES (1,'3571097513020486',1400,450,1,0,'2020-12-31',1,1,'2018-08-18 00:57:40','2020-10-18 04:14:26'),(2,'0452297501931931',500,100,2,0,'2021-12-31',1,1,'2018-08-18 01:46:43','2021-02-11 06:36:01'),(3,'123',13123,0,1,0,'2018-08-19',1,0,'2018-08-18 21:38:21','2018-08-18 21:38:28'),(4,'1862381252690499',100,0,0,1,'2018-10-04',1,0,'2018-09-29 23:16:28','2018-09-29 23:17:21'),(5,'2300813717254199',143,0,0,1,'2018-10-04',1,0,'2018-09-29 23:18:49','2018-09-29 23:20:20'),(6,'8327019475026421',1,0,1,0,'2018-10-07',1,0,'2018-10-07 02:12:41','2018-10-07 02:12:55'),(7,'2063379780590151',1,0,1,0,'2018-10-23',1,0,'2018-10-22 23:23:22','2018-10-22 23:23:39');
/*!40000 ALTER TABLE `gift_cards` ENABLE KEYS */;
UNLOCK TABLES;

--
-- Table structure for table `holidays`
--

DROP TABLE IF EXISTS `holidays`;
/*!40101 SET @saved_cs_client     = @@character_set_client */;
/*!40101 SET character_set_client = utf8 */;
CREATE TABLE `holidays` (
  `id` int(10) unsigned NOT NULL AUTO_INCREMENT,
  `user_id` int(11) NOT NULL,
  `from_date` date NOT NULL,
  `to_date` date NOT NULL,
  `note` text COLLATE utf8mb4_unicode_ci DEFAULT NULL,
  `is_approved` tinyint(1) NOT NULL,
  `created_at` timestamp NULL DEFAULT NULL,
  `updated_at` timestamp NULL DEFAULT NULL,
  PRIMARY KEY (`id`)
) ENGINE=InnoDB AUTO_INCREMENT=12 DEFAULT CHARSET=utf8mb4 COLLATE=utf8mb4_unicode_ci;
/*!40101 SET character_set_client = @saved_cs_client */;

--
-- Dumping data for table `holidays`
--

LOCK TABLES `holidays` WRITE;
/*!40000 ALTER TABLE `holidays` DISABLE KEYS */;
/*!40000 ALTER TABLE `holidays` ENABLE KEYS */;
UNLOCK TABLES;

--
-- Table structure for table `hrm_settings`
--

DROP TABLE IF EXISTS `hrm_settings`;
/*!40101 SET @saved_cs_client     = @@character_set_client */;
/*!40101 SET character_set_client = utf8 */;
CREATE TABLE `hrm_settings` (
  `id` int(10) unsigned NOT NULL AUTO_INCREMENT,
  `checkin` varchar(191) COLLATE utf8mb4_unicode_ci NOT NULL,
  `checkout` varchar(191) COLLATE utf8mb4_unicode_ci NOT NULL,
  `created_at` timestamp NULL DEFAULT NULL,
  `updated_at` timestamp NULL DEFAULT NULL,
  PRIMARY KEY (`id`)
) ENGINE=InnoDB AUTO_INCREMENT=2 DEFAULT CHARSET=utf8mb4 COLLATE=utf8mb4_unicode_ci;
/*!40101 SET character_set_client = @saved_cs_client */;

--
-- Dumping data for table `hrm_settings`
--

LOCK TABLES `hrm_settings` WRITE;
/*!40000 ALTER TABLE `hrm_settings` DISABLE KEYS */;
INSERT INTO `hrm_settings` VALUES (1,'10:00am','6:00pm','2019-01-02 01:20:08','2019-01-02 03:20:53');
/*!40000 ALTER TABLE `hrm_settings` ENABLE KEYS */;
UNLOCK TABLES;

--
-- Table structure for table `languages`
--

DROP TABLE IF EXISTS `languages`;
/*!40101 SET @saved_cs_client     = @@character_set_client */;
/*!40101 SET character_set_client = utf8 */;
CREATE TABLE `languages` (
  `id` int(10) unsigned NOT NULL AUTO_INCREMENT,
  `code` varchar(191) COLLATE utf8mb4_unicode_ci NOT NULL,
  `created_at` timestamp NULL DEFAULT NULL,
  `updated_at` timestamp NULL DEFAULT NULL,
  PRIMARY KEY (`id`)
) ENGINE=InnoDB AUTO_INCREMENT=2 DEFAULT CHARSET=utf8mb4 COLLATE=utf8mb4_unicode_ci;
/*!40101 SET character_set_client = @saved_cs_client */;

--
-- Dumping data for table `languages`
--

LOCK TABLES `languages` WRITE;
/*!40000 ALTER TABLE `languages` DISABLE KEYS */;
INSERT INTO `languages` VALUES (1,'id','2018-07-07 21:59:17','2019-12-24 16:34:20');
/*!40000 ALTER TABLE `languages` ENABLE KEYS */;
UNLOCK TABLES;

--
-- Table structure for table `migrations`
--

DROP TABLE IF EXISTS `migrations`;
/*!40101 SET @saved_cs_client     = @@character_set_client */;
/*!40101 SET character_set_client = utf8 */;
CREATE TABLE `migrations` (
  `id` int(10) unsigned NOT NULL AUTO_INCREMENT,
  `migration` varchar(191) COLLATE utf8mb4_unicode_ci NOT NULL,
  `batch` int(11) NOT NULL,
  PRIMARY KEY (`id`)
) ENGINE=InnoDB AUTO_INCREMENT=145 DEFAULT CHARSET=utf8mb4 COLLATE=utf8mb4_unicode_ci;
/*!40101 SET character_set_client = @saved_cs_client */;

--
-- Dumping data for table `migrations`
--

LOCK TABLES `migrations` WRITE;
/*!40000 ALTER TABLE `migrations` DISABLE KEYS */;
INSERT INTO `migrations` VALUES (1,'2014_10_12_000000_create_users_table',1),(2,'2014_10_12_100000_create_password_resets_table',1),(3,'2018_02_17_060412_create_categories_table',1),(4,'2018_02_20_035727_create_brands_table',1),(5,'2018_02_25_100635_create_suppliers_table',1),(6,'2018_02_27_101619_create_warehouse_table',1),(7,'2018_03_03_040448_create_units_table',1),(8,'2018_03_04_041317_create_taxes_table',1),(9,'2018_03_10_061915_create_customer_groups_table',1),(10,'2018_03_10_090534_create_customers_table',1),(11,'2018_03_11_095547_create_billers_table',1),(12,'2018_04_05_054401_create_products_table',1),(13,'2018_04_06_133606_create_purchases_table',1),(14,'2018_04_06_154600_create_product_purchases_table',1),(15,'2018_04_06_154915_create_product_warhouse_table',1),(16,'2018_04_10_085927_create_sales_table',1),(17,'2018_04_10_090133_create_product_sales_table',1),(18,'2018_04_10_090254_create_payments_table',1),(19,'2018_04_10_090341_create_payment_with_cheque_table',1),(20,'2018_04_10_090509_create_payment_with_credit_card_table',1),(21,'2018_04_13_121436_create_quotation_table',1),(22,'2018_04_13_122324_create_product_quotation_table',1),(23,'2018_04_14_121802_create_transfers_table',1),(24,'2018_04_14_121913_create_product_transfer_table',1),(25,'2018_05_13_082847_add_payment_id_and_change_sale_id_to_payments_table',2),(26,'2018_05_13_090906_change_customer_id_to_payment_with_credit_card_table',3),(27,'2018_05_20_054532_create_adjustments_table',4),(28,'2018_05_20_054859_create_product_adjustments_table',4),(29,'2018_05_21_163419_create_returns_table',5),(30,'2018_05_21_163443_create_product_returns_table',5),(31,'2018_06_02_050905_create_roles_table',6),(32,'2018_06_02_073430_add_columns_to_users_table',7),(33,'2018_06_03_053738_create_permission_tables',8),(36,'2018_06_21_063736_create_pos_setting_table',9),(37,'2018_06_21_094155_add_user_id_to_sales_table',10),(38,'2018_06_21_101529_add_user_id_to_purchases_table',11),(39,'2018_06_21_103512_add_user_id_to_transfers_table',12),(40,'2018_06_23_061058_add_user_id_to_quotations_table',13),(41,'2018_06_23_082427_add_is_deleted_to_users_table',14),(42,'2018_06_25_043308_change_email_to_users_table',15),(43,'2018_07_06_115449_create_general_settings_table',16),(44,'2018_07_08_043944_create_languages_table',17),(45,'2018_07_11_102144_add_user_id_to_returns_table',18),(46,'2018_07_11_102334_add_user_id_to_payments_table',18),(47,'2018_07_22_130541_add_digital_to_products_table',19),(49,'2018_07_24_154250_create_deliveries_table',20),(50,'2018_08_16_053336_create_expense_categories_table',21),(51,'2018_08_17_115415_create_expenses_table',22),(55,'2018_08_18_050418_create_gift_cards_table',23),(56,'2018_08_19_063119_create_payment_with_gift_card_table',24),(57,'2018_08_25_042333_create_gift_card_recharges_table',25),(58,'2018_08_25_101354_add_deposit_expense_to_customers_table',26),(59,'2018_08_26_043801_create_deposits_table',27),(60,'2018_09_02_044042_add_keybord_active_to_pos_setting_table',28),(61,'2018_09_09_092713_create_payment_with_paypal_table',29),(62,'2018_09_10_051254_add_currency_to_general_settings_table',30),(63,'2018_10_22_084118_add_biller_and_store_id_to_users_table',31),(65,'2018_10_26_034927_create_coupons_table',32),(66,'2018_10_27_090857_add_coupon_to_sales_table',33),(67,'2018_11_07_070155_add_currency_position_to_general_settings_table',34),(68,'2018_11_19_094650_add_combo_to_products_table',35),(69,'2018_12_09_043712_create_accounts_table',36),(70,'2018_12_17_112253_add_is_default_to_accounts_table',37),(71,'2018_12_19_103941_add_account_id_to_payments_table',38),(72,'2018_12_20_065900_add_account_id_to_expenses_table',39),(73,'2018_12_20_082753_add_account_id_to_returns_table',40),(74,'2018_12_26_064330_create_return_purchases_table',41),(75,'2018_12_26_144210_create_purchase_product_return_table',42),(76,'2018_12_26_144708_create_purchase_product_return_table',43),(77,'2018_12_27_110018_create_departments_table',44),(78,'2018_12_30_054844_create_employees_table',45),(79,'2018_12_31_125210_create_payrolls_table',46),(80,'2018_12_31_150446_add_department_id_to_employees_table',47),(81,'2019_01_01_062708_add_user_id_to_expenses_table',48),(82,'2019_01_02_075644_create_hrm_settings_table',49),(83,'2019_01_02_090334_create_attendances_table',50),(84,'2019_01_27_160956_add_three_columns_to_general_settings_table',51),(85,'2019_02_15_183303_create_stock_counts_table',52),(86,'2019_02_17_101604_add_is_adjusted_to_stock_counts_table',53),(87,'2019_04_13_101707_add_tax_no_to_customers_table',54),(89,'2019_10_14_111455_create_holidays_table',55),(90,'2019_11_13_145619_add_is_variant_to_products_table',56),(91,'2019_11_13_150206_create_product_variants_table',57),(92,'2019_11_13_153828_create_variants_table',57),(93,'2019_11_25_134041_add_qty_to_product_variants_table',58),(94,'2019_11_25_134922_add_variant_id_to_product_purchases_table',58),(95,'2019_11_25_145341_add_variant_id_to_product_warehouse_table',58),(96,'2019_11_29_182201_add_variant_id_to_product_sales_table',59),(97,'2019_12_04_121311_add_variant_id_to_product_quotation_table',60),(98,'2019_12_05_123802_add_variant_id_to_product_transfer_table',61),(100,'2019_12_08_114954_add_variant_id_to_product_returns_table',62),(101,'2019_12_08_203146_add_variant_id_to_purchase_product_return_table',63),(102,'2020_02_28_103340_create_money_transfers_table',64),(103,'2020_07_01_193151_add_image_to_categories_table',65),(105,'2020_09_26_130426_add_user_id_to_deliveries_table',66),(107,'2020_10_11_125457_create_cash_registers_table',67),(108,'2020_10_13_155019_add_cash_register_id_to_sales_table',68),(109,'2020_10_13_172624_add_cash_register_id_to_returns_table',69),(110,'2020_10_17_212338_add_cash_register_id_to_payments_table',70),(111,'2020_10_18_124200_add_cash_register_id_to_expenses_table',71),(112,'2020_10_21_121632_add_developed_by_to_general_settings_table',72),(113,'2019_08_19_000000_create_failed_jobs_table',73),(114,'2020_10_30_135557_create_notifications_table',73),(115,'2020_11_01_044954_create_currencies_table',74),(116,'2020_11_01_140736_add_price_to_product_warehouse_table',75),(117,'2020_11_02_050633_add_is_diff_price_to_products_table',76),(118,'2020_11_09_055222_add_user_id_to_customers_table',77),(119,'2020_11_17_054806_add_invoice_format_to_general_settings_table',78),(120,'2021_02_10_074859_add_variant_id_to_product_adjustments_table',79),(121,'2021_03_07_093606_create_product_batches_table',80),(122,'2021_03_07_093759_add_product_batch_id_to_product_warehouse_table',80),(123,'2021_03_07_093900_add_product_batch_id_to_product_purchases_table',80),(124,'2021_03_11_132603_add_product_batch_id_to_product_sales_table',81),(127,'2021_03_25_125421_add_is_batch_to_products_table',82),(128,'2021_05_19_120127_add_product_batch_id_to_product_returns_table',82),(130,'2021_05_22_105611_add_product_batch_id_to_purchase_product_return_table',83),(131,'2021_05_23_124848_add_product_batch_id_to_product_transfer_table',84),(132,'2021_05_26_153106_add_product_batch_id_to_product_quotation_table',85),(133,'2021_06_08_213007_create_reward_point_settings_table',86),(134,'2021_06_16_104155_add_points_to_customers_table',87),(135,'2021_06_17_101057_add_used_points_to_payments_table',88),(136,'2021_07_06_132716_add_variant_list_to_products_table',89),(137,'2021_09_27_161141_add_is_imei_to_products_table',90),(138,'2021_09_28_170052_add_imei_number_to_product_warehouse_table',91),(139,'2021_09_28_170126_add_imei_number_to_product_purchases_table',91),(140,'2021_10_03_170652_add_imei_number_to_product_sales_table',92),(141,'2021_10_10_145214_add_imei_number_to_product_returns_table',93),(142,'2021_10_11_104504_add_imei_number_to_product_transfer_table',94),(143,'2021_10_12_160107_add_imei_number_to_purchase_product_return_table',95),(144,'2021_10_12_205146_add_is_rtl_to_general_settings_table',96);
/*!40000 ALTER TABLE `migrations` ENABLE KEYS */;
UNLOCK TABLES;

--
-- Table structure for table `money_transfers`
--

DROP TABLE IF EXISTS `money_transfers`;
/*!40101 SET @saved_cs_client     = @@character_set_client */;
/*!40101 SET character_set_client = utf8 */;
CREATE TABLE `money_transfers` (
  `id` int(10) unsigned NOT NULL AUTO_INCREMENT,
  `reference_no` varchar(191) COLLATE utf8mb4_unicode_ci NOT NULL,
  `from_account_id` int(11) NOT NULL,
  `to_account_id` int(11) NOT NULL,
  `amount` double NOT NULL,
  `created_at` timestamp NULL DEFAULT NULL,
  `updated_at` timestamp NULL DEFAULT NULL,
  PRIMARY KEY (`id`)
) ENGINE=InnoDB AUTO_INCREMENT=3 DEFAULT CHARSET=utf8mb4 COLLATE=utf8mb4_unicode_ci;
/*!40101 SET character_set_client = @saved_cs_client */;

--
-- Dumping data for table `money_transfers`
--

LOCK TABLES `money_transfers` WRITE;
/*!40000 ALTER TABLE `money_transfers` DISABLE KEYS */;
INSERT INTO `money_transfers` VALUES (2,'mtr-20200228-071852',1,3,100,'2020-02-28 12:18:52','2020-02-28 12:18:52');
/*!40000 ALTER TABLE `money_transfers` ENABLE KEYS */;
UNLOCK TABLES;

--
-- Table structure for table `notifications`
--

DROP TABLE IF EXISTS `notifications`;
/*!40101 SET @saved_cs_client     = @@character_set_client */;
/*!40101 SET character_set_client = utf8 */;
CREATE TABLE `notifications` (
  `id` char(36) COLLATE utf8mb4_unicode_ci NOT NULL,
  `type` varchar(191) COLLATE utf8mb4_unicode_ci NOT NULL,
  `notifiable_type` varchar(191) COLLATE utf8mb4_unicode_ci NOT NULL,
  `notifiable_id` bigint(20) unsigned NOT NULL,
  `data` text COLLATE utf8mb4_unicode_ci NOT NULL,
  `read_at` timestamp NULL DEFAULT NULL,
  `created_at` timestamp NULL DEFAULT NULL,
  `updated_at` timestamp NULL DEFAULT NULL,
  PRIMARY KEY (`id`),
  KEY `notifications_notifiable_type_notifiable_id_index` (`notifiable_type`,`notifiable_id`)
) ENGINE=InnoDB DEFAULT CHARSET=utf8mb4 COLLATE=utf8mb4_unicode_ci;
/*!40101 SET character_set_client = @saved_cs_client */;

--
-- Dumping data for table `notifications`
--

LOCK TABLES `notifications` WRITE;
/*!40000 ALTER TABLE `notifications` DISABLE KEYS */;
INSERT INTO `notifications` VALUES ('249beded-5431-40a3-ba1e-d255ffb047a3','AppNotificationsSendNotification','AppUser',9,'{\"message\":\"Please delete all pending purchase.\"}','2020-11-01 00:33:32','2020-11-01 00:33:07','2020-11-01 00:33:32'),('a39e8b29-ba22-4fb0-965b-1d39e04b8db5','App\\Notifications\\SendNotification','App\\User',19,'{\"message\":\"test\"}',NULL,'2022-03-21 05:07:52','2022-03-21 05:07:52');
/*!40000 ALTER TABLE `notifications` ENABLE KEYS */;
UNLOCK TABLES;

--
-- Table structure for table `password_resets`
--

DROP TABLE IF EXISTS `password_resets`;
/*!40101 SET @saved_cs_client     = @@character_set_client */;
/*!40101 SET character_set_client = utf8 */;
CREATE TABLE `password_resets` (
  `email` varchar(191) COLLATE utf8mb4_unicode_ci NOT NULL,
  `token` varchar(191) COLLATE utf8mb4_unicode_ci NOT NULL,
  `created_at` timestamp NULL DEFAULT NULL,
  KEY `password_resets_email_index` (`email`)
) ENGINE=InnoDB DEFAULT CHARSET=utf8mb4 COLLATE=utf8mb4_unicode_ci;
/*!40101 SET character_set_client = @saved_cs_client */;

--
-- Dumping data for table `password_resets`
--

LOCK TABLES `password_resets` WRITE;
/*!40000 ALTER TABLE `password_resets` DISABLE KEYS */;
/*!40000 ALTER TABLE `password_resets` ENABLE KEYS */;
UNLOCK TABLES;

--
-- Table structure for table `payment_with_cheque`
--

DROP TABLE IF EXISTS `payment_with_cheque`;
/*!40101 SET @saved_cs_client     = @@character_set_client */;
/*!40101 SET character_set_client = utf8 */;
CREATE TABLE `payment_with_cheque` (
  `id` int(10) unsigned NOT NULL AUTO_INCREMENT,
  `payment_id` int(11) NOT NULL,
  `cheque_no` varchar(191) COLLATE utf8mb4_unicode_ci NOT NULL,
  `created_at` timestamp NULL DEFAULT NULL,
  `updated_at` timestamp NULL DEFAULT NULL,
  PRIMARY KEY (`id`)
) ENGINE=InnoDB AUTO_INCREMENT=16 DEFAULT CHARSET=utf8mb4 COLLATE=utf8mb4_unicode_ci;
/*!40101 SET character_set_client = @saved_cs_client */;

--
-- Dumping data for table `payment_with_cheque`
--

LOCK TABLES `payment_with_cheque` WRITE;
/*!40000 ALTER TABLE `payment_with_cheque` DISABLE KEYS */;
INSERT INTO `payment_with_cheque` VALUES (1,19,'23425235235','2018-07-01 02:09:48','2018-07-01 02:09:48'),(2,24,'3123123123','2018-07-10 00:21:32','2018-07-10 00:21:32'),(3,31,'767867678','2018-08-08 09:36:22','2018-08-08 09:36:22'),(4,34,'3123412','2018-08-08 22:55:54','2018-08-08 22:55:54'),(5,35,'7765','2018-08-08 23:32:14','2018-08-08 23:32:14'),(6,44,'3124142412','2018-08-30 02:07:18','2018-08-30 02:07:18'),(7,51,'6576764646','2018-09-03 03:08:21','2018-09-03 03:08:21'),(8,53,'111111111','2018-09-03 03:15:24','2018-09-03 03:15:24'),(9,79,'1111','2018-10-05 23:51:55','2018-10-05 23:51:55'),(10,147,'221133','2018-12-03 23:58:35','2018-12-03 23:58:35'),(11,175,'1111','2019-02-07 05:38:23','2019-02-07 05:38:23'),(12,176,'1111','2019-02-07 05:54:59','2019-02-07 05:54:59'),(13,178,'420','2019-02-07 06:07:04','2019-02-07 06:07:04'),(14,216,'12344321','2019-11-11 03:39:11','2019-11-11 03:39:11'),(15,295,'111122222','2020-10-18 04:17:24','2020-10-18 04:17:24');
/*!40000 ALTER TABLE `payment_with_cheque` ENABLE KEYS */;
UNLOCK TABLES;

--
-- Table structure for table `payment_with_credit_card`
--

DROP TABLE IF EXISTS `payment_with_credit_card`;
/*!40101 SET @saved_cs_client     = @@character_set_client */;
/*!40101 SET character_set_client = utf8 */;
CREATE TABLE `payment_with_credit_card` (
  `id` int(10) unsigned NOT NULL AUTO_INCREMENT,
  `payment_id` int(11) NOT NULL,
  `customer_id` int(11) DEFAULT NULL,
  `customer_stripe_id` varchar(191) COLLATE utf8mb4_unicode_ci DEFAULT NULL,
  `charge_id` varchar(191) COLLATE utf8mb4_unicode_ci NOT NULL,
  `created_at` timestamp NULL DEFAULT NULL,
  `updated_at` timestamp NULL DEFAULT NULL,
  PRIMARY KEY (`id`)
) ENGINE=InnoDB AUTO_INCREMENT=5 DEFAULT CHARSET=utf8mb4 COLLATE=utf8mb4_unicode_ci;
/*!40101 SET character_set_client = @saved_cs_client */;

--
-- Dumping data for table `payment_with_credit_card`
--

LOCK TABLES `payment_with_credit_card` WRITE;
/*!40000 ALTER TABLE `payment_with_credit_card` DISABLE KEYS */;
INSERT INTO `payment_with_credit_card` VALUES (4,294,1,'cus_IDw8z9yJZn4qH3','ch_1HdUGJKwOmA8HLXePiqphlky','2020-10-18 04:16:55','2020-10-18 04:16:55');
/*!40000 ALTER TABLE `payment_with_credit_card` ENABLE KEYS */;
UNLOCK TABLES;

--
-- Table structure for table `payment_with_gift_card`
--

DROP TABLE IF EXISTS `payment_with_gift_card`;
/*!40101 SET @saved_cs_client     = @@character_set_client */;
/*!40101 SET character_set_client = utf8 */;
CREATE TABLE `payment_with_gift_card` (
  `id` int(10) unsigned NOT NULL AUTO_INCREMENT,
  `payment_id` int(11) NOT NULL,
  `gift_card_id` int(11) NOT NULL,
  `created_at` timestamp NULL DEFAULT NULL,
  `updated_at` timestamp NULL DEFAULT NULL,
  PRIMARY KEY (`id`)
) ENGINE=InnoDB AUTO_INCREMENT=9 DEFAULT CHARSET=utf8mb4 COLLATE=utf8mb4_unicode_ci;
/*!40101 SET character_set_client = @saved_cs_client */;

--
-- Dumping data for table `payment_with_gift_card`
--

LOCK TABLES `payment_with_gift_card` WRITE;
/*!40000 ALTER TABLE `payment_with_gift_card` DISABLE KEYS */;
INSERT INTO `payment_with_gift_card` VALUES (1,36,2,'2018-08-24 20:48:36','2018-08-24 23:57:35'),(4,39,1,'2018-08-25 01:36:34','2018-08-25 01:36:34'),(6,50,1,'2018-09-02 22:01:38','2018-09-02 22:01:38'),(8,293,1,'2020-10-18 04:14:26','2020-10-18 04:14:26');
/*!40000 ALTER TABLE `payment_with_gift_card` ENABLE KEYS */;
UNLOCK TABLES;

--
-- Table structure for table `payment_with_paypal`
--

DROP TABLE IF EXISTS `payment_with_paypal`;
/*!40101 SET @saved_cs_client     = @@character_set_client */;
/*!40101 SET character_set_client = utf8 */;
CREATE TABLE `payment_with_paypal` (
  `id` int(10) unsigned NOT NULL AUTO_INCREMENT,
  `payment_id` int(11) NOT NULL,
  `transaction_id` varchar(191) COLLATE utf8mb4_unicode_ci NOT NULL,
  `created_at` timestamp NULL DEFAULT NULL,
  `updated_at` timestamp NULL DEFAULT NULL,
  PRIMARY KEY (`id`)
) ENGINE=InnoDB DEFAULT CHARSET=utf8mb4 COLLATE=utf8mb4_unicode_ci;
/*!40101 SET character_set_client = @saved_cs_client */;

--
-- Dumping data for table `payment_with_paypal`
--

LOCK TABLES `payment_with_paypal` WRITE;
/*!40000 ALTER TABLE `payment_with_paypal` DISABLE KEYS */;
/*!40000 ALTER TABLE `payment_with_paypal` ENABLE KEYS */;
UNLOCK TABLES;

--
-- Table structure for table `payments`
--

DROP TABLE IF EXISTS `payments`;
/*!40101 SET @saved_cs_client     = @@character_set_client */;
/*!40101 SET character_set_client = utf8 */;
CREATE TABLE `payments` (
  `id` int(10) unsigned NOT NULL AUTO_INCREMENT,
  `payment_reference` varchar(191) COLLATE utf8mb4_unicode_ci NOT NULL,
  `user_id` int(11) NOT NULL,
  `purchase_id` int(11) DEFAULT NULL,
  `sale_id` int(11) DEFAULT NULL,
  `cash_register_id` int(11) DEFAULT NULL,
  `account_id` int(11) NOT NULL,
  `amount` double NOT NULL,
  `used_points` double DEFAULT NULL,
  `change` double NOT NULL,
  `paying_method` varchar(191) COLLATE utf8mb4_unicode_ci NOT NULL,
  `payment_note` text COLLATE utf8mb4_unicode_ci DEFAULT NULL,
  `created_at` timestamp NULL DEFAULT NULL,
  `updated_at` timestamp NULL DEFAULT NULL,
  PRIMARY KEY (`id`)
) ENGINE=InnoDB AUTO_INCREMENT=406 DEFAULT CHARSET=utf8mb4 COLLATE=utf8mb4_unicode_ci;
/*!40101 SET character_set_client = @saved_cs_client */;

--
-- Dumping data for table `payments`
--

LOCK TABLES `payments` WRITE;
/*!40000 ALTER TABLE `payments` DISABLE KEYS */;
INSERT INTO `payments` VALUES (33,'spr-20180809-055453',1,0,2,0,1,1000,0,0,'Cash','','2018-08-08 22:54:53','2018-08-08 22:54:53'),(34,'spr-20180809-055553',1,0,2,0,1,1200,0,0,'Cheque','','2018-08-08 22:55:53','2018-08-08 22:56:36'),(35,'spr-20180809-063214',1,0,3,0,1,897,0,0,'Cheque','','2018-08-08 23:32:14','2018-08-08 23:32:14'),(36,'spr-20180825-034836',1,0,4,0,1,100,0,0,'Gift Card','100 bucks paid...','2018-08-24 20:48:36','2018-08-24 23:57:35'),(39,'spr-20180825-083634',1,0,4,0,1,200,0,0,'Gift Card','','2018-08-25 01:36:34','2018-08-25 01:36:34'),(41,'spr-20180826-094836',1,0,6,0,1,20,0,0,'Deposit','20 bucks paid','2018-08-26 02:48:36','2018-08-26 20:42:13'),(42,'spr-20180827-073545',1,0,7,0,1,880,0,0,'Cash','','2018-08-27 00:35:45','2018-08-27 00:35:45'),(43,'ppr-20180830-071637',1,13,0,0,1,100,0,0,'Cash','100 bucks paid...','2018-08-30 00:16:37','2018-08-30 00:16:37'),(44,'ppr-20180830-090718',1,13,0,0,1,200,0,0,'Cheque','','2018-08-30 02:07:18','2018-08-30 02:07:18'),(46,'spr-20180902-053954',1,0,8,0,1,3529.8,0,0,'Cash','fully paid','2018-09-01 22:39:54','2018-09-01 22:39:54'),(49,'spr-20180903-033314',1,0,9,0,1,20,0,0,'Deposit','fully paid','2018-09-02 20:33:14','2018-09-02 20:33:14'),(50,'spr-20180903-050138',1,0,10,0,1,200,0,0,'Gift Card','50 bucks due...','2018-09-02 22:01:38','2018-09-09 20:40:28'),(51,'spr-20180903-100821',1,0,11,0,1,5500,0,0,'Cheque','','2018-09-03 03:08:21','2018-09-03 03:08:21'),(53,'ppr-20180903-101524',1,16,0,0,1,1750,0,0,'Cheque','','2018-09-03 03:15:24','2018-10-06 00:09:20'),(78,'spr-20180926-092105',1,0,31,0,1,560,0,0,'Cash','','2018-09-26 02:21:05','2018-09-26 02:21:05'),(79,'spr-20181006-065017',1,0,30,0,1,100,0,0,'Cheque','','2018-10-05 23:50:17','2018-10-05 23:51:55'),(80,'spr-20181006-065222',1,0,30,0,1,20,0,0,'Cash','','2018-10-05 23:52:22','2018-10-05 23:52:22'),(82,'ppr-20181006-070935',1,16,0,0,1,1600,0,0,'Cash','','2018-10-06 00:09:35','2018-10-06 00:09:35'),(83,'spr-20181010-041636',1,0,41,0,1,461,0,0,'Cash','','2018-10-09 21:16:36','2018-10-09 21:16:36'),(84,'spr-20181010-053456',1,0,42,0,1,440,0,0,'Cash','','2018-10-09 22:34:56','2018-10-09 22:34:56'),(91,'spr-20181021-065338',1,0,55,0,1,250,0,0,'Cash','','2018-10-20 23:53:38','2018-10-20 23:53:38'),(92,'spr-20181021-082618',1,0,57,0,1,575.2,0,0,'Cash','','2018-10-21 01:26:18','2018-10-21 01:26:18'),(93,'spr-20181022-032730',1,0,58,0,1,1220,0,0,'Cash','','2018-10-22 08:27:30','2018-10-22 08:27:30'),(104,'spr-20181023-071548',11,0,73,0,1,5500,0,0,'Cash','','2018-10-23 00:15:48','2018-10-23 00:15:48'),(105,'spr-20181023-071648',1,0,74,0,1,2320,0,0,'Cash','','2018-10-23 00:16:48','2018-10-23 00:16:48'),(126,'spr-20181101-050033',1,0,75,0,1,7678,0,0,'Cash','','2018-10-31 22:00:33','2018-10-31 22:00:33'),(127,'spr-20181101-050130',1,0,76,0,1,1424,0,0,'Cash','','2018-10-31 22:01:30','2018-11-08 02:44:51'),(129,'spr-20181105-091523',1,0,79,0,1,14454,0,0,'Cash','','2018-11-05 02:15:23','2018-11-05 02:15:23'),(130,'spr-20181105-092002',1,0,80,0,1,2500,0,0,'Cash','','2018-11-05 02:20:02','2018-11-05 02:20:02'),(131,'ppr-20181105-092128',1,24,0,0,1,15950,0,0,'Cash','','2018-11-05 02:21:28','2018-11-05 02:21:28'),(137,'spr-20181105-095952',1,0,86,0,1,1100,0,0,'Cash','','2018-11-05 02:59:52','2018-11-05 02:59:52'),(138,'spr-20181105-100310',1,0,88,0,1,1100,0,0,'Cash','','2018-11-05 03:03:10','2018-11-05 03:03:10'),(139,'spr-20181126-020534',1,0,94,0,1,120,0,0,'Cash','','2018-11-26 07:05:34','2018-11-26 07:05:34'),(140,'spr-20181128-071515',1,0,96,0,1,132,0,0,'Cash','','2018-11-28 00:15:15','2018-11-28 00:15:15'),(141,'spr-20181201-060524',1,0,97,0,1,200,0,300,'Cash','','2018-11-30 23:05:24','2018-12-03 23:21:05'),(148,'ppr-20181204-065932',1,23,0,0,1,500,0,500,'Cash','','2018-12-03 23:59:32','2018-12-03 23:59:44'),(149,'ppr-20181205-053443',1,25,0,0,1,4450,0,550,'Cash','','2018-12-04 22:34:43','2018-12-04 22:34:43'),(150,'spr-20181205-053608',1,0,98,0,1,800,0,200,'Cash','','2018-12-04 22:36:08','2018-12-04 22:36:08'),(151,'spr-20181205-053724',1,0,99,0,1,800,0,0,'Cash','','2018-12-04 22:37:24','2018-12-04 22:37:24'),(152,'spr-20181208-062032',1,0,101,0,1,100,0,400,'Cash','','2018-12-07 23:20:32','2018-12-11 02:19:39'),(157,'ppr-20181220-063439',1,27,0,0,1,10,0,0,'Cash','','2018-12-19 23:34:39','2018-12-19 23:35:01'),(159,'spr-20181224-045832',1,0,103,0,1,120,0,0,'Cash','','2018-12-23 21:58:32','2018-12-23 21:58:32'),(160,'spr-20190101-054544',1,0,105,0,1,21,0,0,'Cash','','2018-12-31 22:45:44','2018-12-31 22:45:44'),(161,'spr-20190101-091040',1,0,106,0,1,860,0,0,'Cash','','2019-01-01 02:10:40','2019-01-01 02:10:40'),(162,'spr-20190103-065627',1,0,107,0,1,5040,0,960,'Cash','','2019-01-02 23:56:27','2019-01-02 23:56:27'),(163,'spr-20190120-035824',1,0,108,0,1,120,0,0,'Cash','','2019-01-20 08:58:24','2019-01-20 08:58:24'),(164,'ppr-20190129-100302',9,36,0,0,1,650,0,350,'Cash','','2019-01-29 03:03:02','2019-01-29 03:03:02'),(165,'ppr-20190129-100324',9,34,0,0,1,2860,0,140,'Cash','','2019-01-29 03:03:24','2019-01-29 03:03:24'),(166,'spr-20190129-101451',9,0,109,0,1,540,0,460,'Cash','','2019-01-29 03:14:51','2019-01-29 03:14:51'),(167,'spr-20190129-115048',9,0,110,0,1,1700,0,300,'Cash','','2019-01-29 04:50:48','2019-01-29 04:50:48'),(168,'spr-20190131-110839',9,0,111,0,1,271,0,0,'Cash','','2019-01-31 04:08:39','2019-01-31 04:08:39'),(169,'spr-20190202-104045',1,0,112,0,1,440,0,0,'Cash','','2019-02-02 03:40:45','2019-02-02 03:40:45'),(170,'spr-20190202-114117',1,0,113,0,1,350,0,0,'Cash','','2019-02-02 04:41:17','2019-02-02 04:41:17'),(171,'spr-20190205-030454',1,0,114,0,1,440,0,0,'Cash','','2019-02-05 08:04:54','2019-02-05 08:04:54'),(176,'ppr-20190207-125418',1,35,0,0,1,50,0,50,'Cash','','2019-02-07 05:54:18','2019-02-07 06:05:23'),(178,'ppr-20190207-010640',1,35,0,0,1,50,0,50,'Cheque','','2019-02-07 06:06:40','2019-02-07 06:07:04'),(179,'spr-20190207-010915',1,0,120,0,1,50,0,50,'Cash','','2019-02-07 06:09:15','2019-02-07 06:09:15'),(180,'spr-20190209-104816',1,0,121,0,1,1272,0,728,'Cash','','2019-02-09 03:48:16','2019-02-09 03:48:16'),(181,'ppr-20190209-104940',1,38,0,0,1,1660,0,0,'Cash','','2019-02-09 03:49:40','2019-02-09 03:49:40'),(182,'ppr-20190209-104959',1,39,0,0,1,973.5,0,0,'Cash','','2019-02-09 03:49:59','2019-02-09 03:49:59'),(183,'spr-20190219-023214',1,0,123,0,1,440,0,0,'Cash','','2019-02-19 07:32:14','2019-02-19 07:32:14'),(189,'spr-20190303-104010',1,0,127,0,1,2500,0,0,'Cash','','2019-03-03 03:40:10','2019-03-03 03:40:10'),(190,'ppr-20190303-104046',1,40,0,0,1,100,0,0,'Cash','','2019-03-03 03:40:46','2019-03-03 03:40:46'),(191,'ppr-20190303-104222',1,37,0,0,1,4000,0,0,'Cash','','2019-03-03 03:42:22','2019-03-03 03:42:22'),(192,'ppr-20190303-104414',1,41,0,0,1,1000,0,0,'Cash','','2019-03-03 03:44:14','2019-03-03 03:44:14'),(193,'spr-20190404-095555',1,0,128,0,1,560,0,0,'Cash','','2019-04-04 02:55:55','2019-04-04 02:55:55'),(194,'ppr-20190404-095910',1,42,0,0,1,300,0,200,'Cash','','2019-04-04 02:59:10','2019-04-13 09:52:38'),(195,'spr-20190404-095937',1,0,129,0,1,120,0,0,'Cash','','2019-04-04 02:59:37','2019-04-04 02:59:37'),(196,'spr-20190421-122124',1,0,130,0,1,586,0,0,'Cash','','2019-04-21 05:21:24','2019-04-21 05:21:24'),(197,'spr-20190528-103229',1,0,131,0,1,2890,0,0,'Cash','','2019-05-28 03:32:29','2019-05-28 03:32:29'),(198,'ppr-20190613-101351',1,37,0,0,1,2390,0,0,'Cash','','2019-06-13 03:13:51','2019-06-13 03:13:51'),(199,'spr-20190613-101637',1,0,132,0,1,840,0,0,'Cash','','2019-06-13 03:16:37','2019-06-13 03:16:37'),(200,'ppr-20190613-101713',1,43,0,0,1,1000,0,0,'Cash','','2019-06-13 03:17:13','2019-06-13 03:17:13'),(201,'spr-20190613-101752',1,0,133,0,1,2700,0,0,'Cash','','2019-06-13 03:17:52','2019-06-13 03:17:52'),(202,'ppr-20191019-032925',1,43,0,0,1,3290,0,710,'Cash','','2019-10-19 08:29:25','2019-10-19 08:29:25'),(203,'spr-20191019-033028',1,0,134,0,1,2940,0,60,'Cash','','2019-10-19 08:30:28','2019-10-19 08:30:28'),(205,'spr-20191103-114044',1,0,139,0,1,488,0,12,'Cash','','2019-11-03 04:40:44','2019-11-03 04:40:44'),(206,'ppr-20191103-114222',1,46,0,0,1,200,0,0,'Cash','','2019-11-03 04:42:22','2019-11-03 04:42:22'),(211,'spr-20191109-074131',1,0,144,0,1,1220,0,0,'Cash','','2019-11-09 12:41:31','2019-11-09 12:41:31'),(216,'ppr-20191111-103911',1,49,0,0,1,5000,0,0,'Cheque','','2019-11-11 03:39:11','2019-11-11 03:39:11'),(217,'spr-20191111-104008',1,0,147,0,1,2220,0,780,'Cash','','2019-11-11 03:40:08','2019-11-11 03:40:08'),(222,'spr-20191203-115128',1,0,163,0,1,3,0,0,'Cash','','2019-12-03 04:51:28','2019-12-03 04:51:28'),(227,'ppr-20191204-111124',1,57,0,0,1,220,0,280,'Cash','','2019-12-04 16:11:24','2019-12-04 16:11:24'),(228,'spr-20191205-092712',1,0,173,0,1,621,0,0,'Cash','','2019-12-05 02:27:12','2019-12-05 02:27:12'),(239,'spr-20191222-104058',1,0,187,0,1,288,0,212,'Cash','','2019-12-22 03:40:58','2019-12-22 03:40:58'),(241,'spr-20191223-125946',1,0,190,0,1,1100,0,400,'Cash','','2019-12-23 05:59:46','2019-12-23 05:59:46'),(244,'ppr-20200101-010750',1,61,0,0,1,60,0,0,'Cash','','2020-01-01 06:07:50','2020-01-01 06:07:50'),(246,'spr-20200101-022028',1,0,193,0,1,1100,0,400,'Cash','','2020-01-01 07:20:28','2020-01-01 07:20:28'),(247,'ppr-20200101-022131',1,59,0,0,1,6,0,0,'Cash','','2020-01-01 07:21:31','2020-01-01 07:21:31'),(248,'ppr-20200101-022137',1,58,0,0,1,4,0,0,'Cash','','2020-01-01 07:21:37','2020-01-01 07:21:37'),(249,'ppr-20200101-022144',1,56,0,0,1,2,0,0,'Cash','','2020-01-01 07:21:44','2020-01-01 07:21:44'),(250,'ppr-20200101-022152',1,55,0,0,1,4,0,0,'Cash','','2020-01-01 07:21:52','2020-01-01 07:21:52'),(251,'ppr-20200101-022225',1,49,0,0,1,2000,0,0,'Cash','','2020-01-01 07:22:25','2020-01-01 07:22:25'),(252,'spr-20200102-043947',1,0,194,0,1,892,0,108,'Cash','','2020-01-02 09:39:47','2020-01-02 09:39:47'),(258,'spr-20200203-035256',1,0,201,0,1,120,0,880,'Cash','','2020-02-03 08:52:56','2020-02-03 08:52:56'),(259,'spr-20200204-105853',1,0,202,0,1,1400,0,100,'Cash','','2020-02-04 15:58:53','2020-02-04 15:58:53'),(260,'ppr-20200204-110050',1,67,0,0,1,300,0,0,'Cash','','2020-02-04 16:00:50','2020-02-04 16:00:50'),(261,'spr-20200302-115414',1,0,203,0,1,350,0,150,'Cash','','2020-03-02 04:54:14','2020-03-02 04:54:14'),(262,'spr-20200302-115741',1,0,204,0,1,40,0,10,'Cash','','2020-03-02 04:57:41','2020-03-02 04:57:41'),(263,'ppr-20200302-115811',1,70,0,0,1,50,0,0,'Cash','','2020-03-02 04:58:11','2020-03-02 04:58:11'),(264,'ppr-20200302-115820',1,69,0,0,1,50,0,0,'Cash','','2020-03-02 04:58:20','2020-03-02 04:58:20'),(265,'spr-20200311-044642',1,0,205,0,1,352,0,148,'Cash','','2020-03-11 09:46:42','2020-03-11 09:46:42'),(266,'ppr-20200406-073823',1,71,0,0,1,2000,0,1000,'Cash','First Payment','2020-04-06 12:38:23','2020-04-06 12:38:55'),(267,'spr-20200406-074024',1,0,207,0,1,500,0,500,'Cash','','2020-04-06 12:40:24','2020-04-06 12:40:24'),(268,'spr-20200406-074201',1,0,207,0,1,144,0,56,'Cash','','2020-04-06 12:42:01','2020-04-06 12:42:01'),(269,'spr-20200506-105950',1,0,208,0,1,1540,0,460,'Cash','','2020-05-06 15:59:50','2020-05-06 15:59:50'),(270,'spr-20200609-124248',1,0,209,0,1,1220,0,780,'Cash','','2020-06-09 05:42:48','2020-06-09 05:42:48'),(273,'spr-20200703-063914',1,0,212,0,1,2585,0,415,'Cash','','2020-07-03 11:39:14','2020-07-03 11:39:14'),(274,'spr-20200712-095153',1,0,213,0,1,13,0,37,'Cash','','2020-07-12 14:51:53','2020-07-12 14:51:53'),(276,'spr-20200727-083808',1,0,217,0,1,385,0,0,'Cash','','2020-07-27 13:38:08','2020-07-27 13:38:08'),(277,'spr-20200727-084024',1,0,218,0,1,385,0,0,'Cash','','2020-07-27 13:40:24','2020-07-27 13:40:24'),(278,'spr-20200727-084645',1,0,219,0,1,385,0,0,'Cash','','2020-07-27 13:46:45','2020-07-27 13:46:45'),(279,'spr-20200812-062806',1,0,220,0,1,760,0,240,'Cash','','2020-08-12 11:28:06','2020-08-12 11:28:06'),(280,'ppr-20200812-062853',1,62,0,0,1,1650,0,0,'Cash','','2020-08-12 11:28:53','2020-08-12 11:28:53'),(281,'spr-20200812-063035',1,0,221,0,1,1100,0,0,'Cash','','2020-08-12 11:30:35','2020-08-12 11:30:35'),(282,'spr-20200816-100426',1,0,222,0,1,23000,0,2000,'Cash','','2020-08-16 15:04:26','2020-08-16 15:04:26'),(283,'spr-20200816-100523',1,0,223,0,1,300,0,200,'Cash','','2020-08-16 15:05:23','2020-08-16 15:05:23'),(284,'spr-20200816-100632',1,0,223,0,1,100,0,0,'Cash','','2020-08-16 15:06:32','2020-08-16 15:06:32'),(285,'spr-20200816-100735',1,0,223,0,1,40,0,0,'Cash','','2020-08-16 15:07:35','2020-08-16 15:07:35'),(290,'spr-20201017-092854',9,0,230,2,1,200,0,0,'Cash','','2020-10-17 14:28:54','2020-10-18 03:48:54'),(291,'spr-20201018-105138',9,0,230,2,1,50,0,0,'Cash','','2020-10-18 03:51:38','2020-10-18 03:51:38'),(292,'spr-20201018-111333',9,0,231,2,1,100,0,0,'Cash','','2020-10-18 04:13:33','2020-10-18 04:13:33'),(293,'spr-20201018-111426',9,0,231,2,1,50,0,0,'Gift Card','','2020-10-18 04:14:26','2020-10-18 04:14:26'),(294,'spr-20201018-111651',9,0,231,2,1,50,0,0,'Credit Card','','2020-10-18 04:16:51','2020-10-18 04:16:51'),(295,'spr-20201018-111724',9,0,231,2,1,50,0,0,'Cheque','','2020-10-18 04:17:24','2020-10-18 04:17:24'),(296,'spr-20201022-013018',9,0,232,2,1,100,0,0,'Cash','','2020-10-22 06:30:18','2020-10-22 06:30:18'),(297,'spr-20201022-015606',1,0,233,3,1,250,0,0,'Cash','','2020-10-22 06:56:06','2020-10-22 06:56:06'),(298,'spr-20201024-070508',1,0,234,4,1,11500,0,0,'Cash','','2020-10-24 00:05:08','2020-10-24 00:05:08'),(299,'spr-20201024-070753',1,0,235,4,1,250,0,0,'Cash','','2020-10-24 00:07:53','2020-10-24 00:07:53'),(300,'spr-20201024-034619',1,0,237,4,1,61900,0,0,'Cash','','2020-10-24 08:46:19','2020-10-24 08:46:19'),(302,'spr-20201027-054004',1,0,239,3,1,2,0,0,'Cash','','2020-10-26 22:40:04','2020-10-26 22:40:04'),(303,'spr-20201027-054207',1,0,240,3,1,6,0,0,'Cash','','2020-10-26 22:42:07','2020-10-26 22:42:07'),(304,'spr-20201027-063202',1,0,241,4,1,250,0,0,'Cash','','2020-10-26 23:32:02','2020-10-26 23:32:02'),(305,'spr-20201029-073033',1,0,242,4,1,250,0,0,'Cash','','2020-10-29 00:30:33','2020-10-29 00:30:33'),(306,'spr-20201101-072115',1,0,243,4,1,250,0,0,'Cash','','2020-11-01 00:21:15','2020-11-01 00:21:15'),(307,'spr-20201101-074225',1,0,245,3,1,1130,0,0,'Cash','','2020-11-01 00:42:25','2020-11-01 00:42:25'),(308,'spr-20201101-075019',1,0,246,4,1,440,0,0,'Cash','','2020-11-01 00:50:19','2020-11-01 00:50:19'),(310,'spr-20201106-013042',1,0,250,4,1,378.4,0,0,'Cash','','2020-11-06 06:30:42','2020-11-06 06:30:42'),(311,'spr-20201109-011527',1,0,251,4,1,500,0,0,'Cash','','2020-11-09 06:15:27','2020-11-09 06:15:27'),(312,'spr-20201111-055902',1,0,252,3,1,229.5,0,0,'Cash','','2020-11-10 22:59:02','2020-11-10 22:59:02'),(313,'spr-20201114-064739',1,0,253,4,1,10242.5,0,0,'Cash','','2020-11-13 23:47:39','2020-11-13 23:47:39'),(316,'spr-20201117-064751',1,0,256,4,1,715,0,0,'Cash','','2020-11-16 23:47:51','2020-11-16 23:47:51'),(317,'spr-20201117-070920',1,0,257,4,1,250,0,0,'Cash','','2020-11-17 00:09:20','2020-11-17 00:09:20'),(320,'ppr-20201118-062036',1,90,0,0,1,33000,0,0,'Cash','','2020-11-17 23:20:36','2020-11-17 23:20:36'),(321,'spr-20201118-065242',1,0,258,4,1,27200,0,0,'Cash','','2020-11-17 23:52:42','2020-11-17 23:52:42'),(324,'spr-20201208-094000',1,0,263,4,1,300,0,200,'Cash','','2020-12-08 02:40:00','2020-12-08 02:40:00'),(325,'spr-20210106-022350',1,0,263,4,1,50,0,0,'Cash','','2021-01-06 07:23:50','2021-01-06 07:23:50'),(330,'spr-20210111-021625',1,0,271,3,1,1274,0,0,'Cash','','2021-01-11 07:16:25','2021-01-11 07:16:25'),(332,'spr-20210113-070243',1,0,274,4,1,1556,0,0,'Cash','','2021-01-13 00:02:43','2021-01-13 00:02:43'),(333,'spr-20210201-023748',1,0,275,4,1,484,0,0,'Cash','','2021-02-01 07:37:48','2021-02-01 07:37:48'),(335,'spr-20210216-070948',1,0,277,4,1,15156,0,0,'Cash','','2021-02-16 00:09:48','2021-02-16 00:09:48'),(336,'spr-20210217-073238',1,0,278,4,1,26949.9,0,0,'Cash','','2021-02-17 00:32:38','2021-02-17 00:32:38'),(338,'spr-20210524-074506',1,0,290,3,1,250,0,0,'Cash','','2021-05-24 12:45:06','2021-05-24 12:45:06'),(339,'spr-20210524-074647',1,0,290,3,1,-130,0,0,'Cash','','2021-05-24 12:46:47','2021-05-24 12:46:47'),(341,'spr-20210601-123530',1,0,294,4,1,440,0,0,'Cash','','2021-06-01 05:35:30','2021-06-01 05:35:30'),(342,'spr-20210601-032209',1,0,295,3,1,2,0,0,'Cash','','2021-06-01 08:22:09','2021-06-01 08:22:09'),(343,'spr-20210601-034624',1,0,296,3,1,2,0,0,'Cash','','2021-06-01 08:46:24','2021-06-01 08:46:24'),(344,'spr-20210601-074150',9,0,297,2,1,250,0,0,'Cash','','2021-06-01 12:41:50','2021-06-01 12:41:50'),(345,'spr-20210601-075547',9,0,298,2,1,2,0,0,'Cash','','2021-06-01 12:55:47','2021-06-01 12:55:47'),(346,'spr-20210616-105325',1,0,299,4,1,1100,0,0,'Cash','','2021-06-16 03:53:25','2021-06-16 03:53:25'),(347,'spr-20210616-111044',1,0,300,4,1,440,0,0,'Cash','','2021-06-16 04:10:44','2021-06-16 04:10:44'),(348,'spr-20210616-111120',1,0,301,4,1,2200,0,0,'Cash','','2021-06-16 04:11:20','2021-06-16 04:11:20'),(349,'spr-20210616-080543',1,0,303,4,1,440,2,0,'Points','','2021-06-16 13:05:43','2021-06-16 13:05:43'),(351,'spr-20210616-082851',1,0,305,4,1,440,0,0,'Cash','','2021-06-16 13:28:51','2021-06-16 13:28:51'),(352,'spr-20210617-115553',1,0,306,3,1,1100,4,0,'Points','','2021-06-17 04:55:53','2021-06-17 04:55:53'),(353,'spr-20210617-121359',1,0,304,4,1,440,2,0,'Points','','2021-06-17 05:13:59','2021-06-17 05:13:59'),(354,'spr-20210617-030013',1,0,307,3,1,100,0,0,'Cash','','2021-06-17 08:00:13','2021-06-17 08:00:13'),(355,'ppr-20210618-082857',1,115,0,0,1,101,0,0,'Cash','','2021-06-18 13:28:57','2021-06-18 13:28:57'),(356,'spr-20210618-083127',1,0,308,4,1,1608,0,392,'Cash','','2021-06-18 13:31:27','2021-06-18 13:31:27'),(357,'spr-20210618-083254',1,0,309,3,1,2,0,0,'Cash','','2021-06-18 13:32:54','2021-06-18 13:32:54'),(358,'ppr-20210619-104903',1,116,0,0,1,101,0,0,'Cash','','2021-06-19 03:49:03','2021-06-19 03:49:03'),(359,'spr-20210619-105121',1,0,310,4,1,958,0,42,'Cash','','2021-06-19 03:51:21','2021-06-19 03:51:21'),(360,'spr-20210619-110231',1,0,312,4,1,440,2,0,'Points','','2021-06-19 04:02:31','2021-06-19 04:02:31'),(361,'spr-20210619-110638',1,0,313,4,1,250,1,0,'Points','','2021-06-19 04:06:38','2021-06-19 04:06:38'),(362,'spr-20210627-124247',1,0,314,4,1,1100,0,0,'Cash','','2021-06-27 05:42:47','2021-06-27 05:42:47'),(364,'spr-20210707-103455',1,0,317,4,1,18,0,0,'Cash','','2021-07-07 03:34:55','2021-07-07 03:34:55'),(367,'spr-20210814-092805',1,0,325,4,1,1250,0,0,'Cash','','2021-08-14 14:28:05','2021-08-14 14:28:05'),(371,'spr-20210921-010722',1,0,333,4,1,2,0,0,'Cash','','2021-09-21 06:07:22','2021-09-21 06:07:22'),(372,'spr-20210921-035020',1,0,334,4,1,120,0,0,'Cash','','2021-09-21 08:50:20','2021-09-21 08:50:20'),(373,'spr-20210923-024704',1,0,335,4,1,11,0,0,'Cash','','2021-09-23 07:47:04','2021-09-23 07:47:04'),(374,'spr-20211003-051829',1,0,336,4,1,1220,0,0,'Cash','','2021-10-03 10:18:29','2021-10-03 10:18:29'),(376,'spr-20211003-054404',1,0,338,4,1,1100,0,0,'Cash','','2021-10-03 10:44:04','2021-10-03 10:44:04'),(378,'spr-20211007-025229',1,0,340,4,1,1100,0,0,'Cash','','2021-10-07 07:52:29','2021-10-07 07:52:29'),(379,'spr-20211007-033840',1,0,341,4,1,1100,0,0,'Cash','','2021-10-07 08:38:40','2021-10-07 08:38:40'),(384,'spr-20211014-035825',1,0,348,4,1,1100,0,0,'Cash','','2021-10-14 08:58:25','2021-10-14 08:58:25'),(385,'spr-20211020-011209',1,0,349,4,1,102,0,0,'Cash','','2021-10-20 06:12:09','2021-10-20 06:12:09'),(386,'spr-20211114-013929',1,0,353,4,1,374,0,0,'Cash','','2021-11-14 06:39:29','2021-11-14 06:39:29'),(387,'spr-20211124-062858',1,0,355,4,1,3161,0,0,'Cash','','2021-11-24 11:28:58','2021-11-24 11:28:58'),(388,'spr-20211207-070932',1,0,356,4,1,573,0,0,'Cash','','2021-12-07 12:09:32','2021-12-07 12:09:32'),(393,'spr-20220324-044919',1,NULL,363,5,1,13210000,NULL,0,'Cash',NULL,'2022-03-23 21:49:19','2022-03-23 21:49:19'),(394,'spr-20220517-041509',1,NULL,364,5,1,277500,NULL,22500,'Cash',NULL,'2022-05-17 09:15:09','2022-05-17 09:15:09'),(395,'spr-20220518-075605',1,NULL,365,5,1,3000000,NULL,0,'Cash',NULL,'2022-05-18 00:56:05','2022-05-18 00:56:05'),(396,'spr-20220523-071848',1,NULL,366,5,1,810000,NULL,0,'Cash',NULL,'2022-05-23 00:18:48','2022-05-23 00:18:48'),(397,'spr-20220523-024117',1,NULL,367,5,1,588000,NULL,0,'Cash',NULL,'2022-05-23 07:41:17','2022-05-23 07:41:17'),(398,'spr-20220623-071006',1,NULL,368,5,1,1060000,NULL,0,'Cash',NULL,'2022-06-23 00:10:06','2022-06-23 00:10:06'),(399,'spr-20220723-033420',1,NULL,369,5,3,810000,NULL,0,'Cash','810000','2022-07-23 08:34:20','2022-07-23 08:34:20'),(400,'spr-20220723-040455',1,NULL,370,5,3,810000,NULL,0,'Cash',NULL,'2022-07-23 09:04:55','2022-07-23 09:04:55'),(401,'spr-20220805-083844',1,NULL,371,5,1,810000,NULL,0,'Cash',NULL,'2022-08-05 01:38:44','2022-08-05 01:38:44'),(402,'spr-20220807-053714',1,NULL,372,5,1,250000,NULL,0,'Cash',NULL,'2022-08-06 22:37:14','2022-08-06 22:37:14'),(403,'spr-20221009-073908',1,NULL,373,5,1,500000,NULL,-500000,'Cash',NULL,'2022-10-09 00:39:08','2022-10-09 00:39:08'),(404,'spr-20221011-090950',1,NULL,374,5,1,250000,NULL,0,'Cash',NULL,'2022-10-11 02:09:50','2022-10-11 02:09:50'),(405,'spr-20221013-042150',1,NULL,375,5,3,560000,NULL,0,'Cash',NULL,'2022-10-12 21:21:50','2022-10-12 21:21:50');
/*!40000 ALTER TABLE `payments` ENABLE KEYS */;
UNLOCK TABLES;

--
-- Table structure for table `payrolls`
--

DROP TABLE IF EXISTS `payrolls`;
/*!40101 SET @saved_cs_client     = @@character_set_client */;
/*!40101 SET character_set_client = utf8 */;
CREATE TABLE `payrolls` (
  `id` int(10) unsigned NOT NULL AUTO_INCREMENT,
  `reference_no` varchar(191) COLLATE utf8mb4_unicode_ci NOT NULL,
  `employee_id` int(11) NOT NULL,
  `account_id` int(11) NOT NULL,
  `user_id` int(11) NOT NULL,
  `amount` double NOT NULL,
  `paying_method` varchar(191) COLLATE utf8mb4_unicode_ci NOT NULL,
  `note` text COLLATE utf8mb4_unicode_ci DEFAULT NULL,
  `created_at` timestamp NULL DEFAULT NULL,
  `updated_at` timestamp NULL DEFAULT NULL,
  PRIMARY KEY (`id`)
) ENGINE=InnoDB AUTO_INCREMENT=11 DEFAULT CHARSET=utf8mb4 COLLATE=utf8mb4_unicode_ci;
/*!40101 SET character_set_client = @saved_cs_client */;

--
-- Dumping data for table `payrolls`
--

LOCK TABLES `payrolls` WRITE;
/*!40000 ALTER TABLE `payrolls` DISABLE KEYS */;
INSERT INTO `payrolls` VALUES (8,'payroll-20190101-055231',1,1,1,100,'0','','2018-12-31 22:52:31','2018-12-31 22:52:31'),(9,'payroll-20191204-113802',1,1,1,10000,'0','','2019-12-04 16:38:02','2019-12-04 16:38:02'),(10,'payroll-20210619-123706',1,1,1,200,'0','','2021-06-19 05:37:06','2021-06-19 05:37:06');
/*!40000 ALTER TABLE `payrolls` ENABLE KEYS */;
UNLOCK TABLES;

--
-- Table structure for table `permissions`
--

DROP TABLE IF EXISTS `permissions`;
/*!40101 SET @saved_cs_client     = @@character_set_client */;
/*!40101 SET character_set_client = utf8 */;
CREATE TABLE `permissions` (
  `id` int(10) unsigned NOT NULL AUTO_INCREMENT,
  `name` varchar(191) COLLATE utf8mb4_unicode_ci NOT NULL,
  `guard_name` varchar(191) COLLATE utf8mb4_unicode_ci NOT NULL,
  `created_at` timestamp NULL DEFAULT NULL,
  `updated_at` timestamp NULL DEFAULT NULL,
  PRIMARY KEY (`id`)
) ENGINE=InnoDB AUTO_INCREMENT=106 DEFAULT CHARSET=utf8mb4 COLLATE=utf8mb4_unicode_ci;
/*!40101 SET character_set_client = @saved_cs_client */;

--
-- Dumping data for table `permissions`
--

LOCK TABLES `permissions` WRITE;
/*!40000 ALTER TABLE `permissions` DISABLE KEYS */;
INSERT INTO `permissions` VALUES (4,'products-edit','web','2018-06-03 00:00:09','2018-06-03 00:00:09'),(5,'products-delete','web','2018-06-03 21:54:22','2018-06-03 21:54:22'),(6,'products-add','web','2018-06-03 23:34:14','2018-06-03 23:34:14'),(7,'products-index','web','2018-06-04 02:34:27','2018-06-04 02:34:27'),(8,'purchases-index','web','2018-06-04 07:03:19','2018-06-04 07:03:19'),(9,'purchases-add','web','2018-06-04 07:12:25','2018-06-04 07:12:25'),(10,'purchases-edit','web','2018-06-04 08:47:36','2018-06-04 08:47:36'),(11,'purchases-delete','web','2018-06-04 08:47:36','2018-06-04 08:47:36'),(12,'sales-index','web','2018-06-04 09:49:08','2018-06-04 09:49:08'),(13,'sales-add','web','2018-06-04 09:49:52','2018-06-04 09:49:52'),(14,'sales-edit','web','2018-06-04 09:49:52','2018-06-04 09:49:52'),(15,'sales-delete','web','2018-06-04 09:49:53','2018-06-04 09:49:53'),(16,'quotes-index','web','2018-06-04 21:05:10','2018-06-04 21:05:10'),(17,'quotes-add','web','2018-06-04 21:05:10','2018-06-04 21:05:10'),(18,'quotes-edit','web','2018-06-04 21:05:10','2018-06-04 21:05:10'),(19,'quotes-delete','web','2018-06-04 21:05:10','2018-06-04 21:05:10'),(20,'transfers-index','web','2018-06-04 21:30:03','2018-06-04 21:30:03'),(21,'transfers-add','web','2018-06-04 21:30:03','2018-06-04 21:30:03'),(22,'transfers-edit','web','2018-06-04 21:30:03','2018-06-04 21:30:03'),(23,'transfers-delete','web','2018-06-04 21:30:03','2018-06-04 21:30:03'),(24,'returns-index','web','2018-06-04 21:50:24','2018-06-04 21:50:24'),(25,'returns-add','web','2018-06-04 21:50:24','2018-06-04 21:50:24'),(26,'returns-edit','web','2018-06-04 21:50:25','2018-06-04 21:50:25'),(27,'returns-delete','web','2018-06-04 21:50:25','2018-06-04 21:50:25'),(28,'customers-index','web','2018-06-04 22:15:54','2018-06-04 22:15:54'),(29,'customers-add','web','2018-06-04 22:15:55','2018-06-04 22:15:55'),(30,'customers-edit','web','2018-06-04 22:15:55','2018-06-04 22:15:55'),(31,'customers-delete','web','2018-06-04 22:15:55','2018-06-04 22:15:55'),(32,'suppliers-index','web','2018-06-04 22:40:12','2018-06-04 22:40:12'),(33,'suppliers-add','web','2018-06-04 22:40:12','2018-06-04 22:40:12'),(34,'suppliers-edit','web','2018-06-04 22:40:12','2018-06-04 22:40:12'),(35,'suppliers-delete','web','2018-06-04 22:40:12','2018-06-04 22:40:12'),(36,'product-report','web','2018-06-24 22:05:33','2018-06-24 22:05:33'),(37,'purchase-report','web','2018-06-24 22:24:56','2018-06-24 22:24:56'),(38,'sale-report','web','2018-06-24 22:33:13','2018-06-24 22:33:13'),(39,'customer-report','web','2018-06-24 22:36:51','2018-06-24 22:36:51'),(40,'due-report','web','2018-06-24 22:39:52','2018-06-24 22:39:52'),(41,'users-index','web','2018-06-24 23:00:10','2018-06-24 23:00:10'),(42,'users-add','web','2018-06-24 23:00:10','2018-06-24 23:00:10'),(43,'users-edit','web','2018-06-24 23:01:30','2018-06-24 23:01:30'),(44,'users-delete','web','2018-06-24 23:01:30','2018-06-24 23:01:30'),(45,'profit-loss','web','2018-07-14 20:50:05','2018-07-14 20:50:05'),(46,'best-seller','web','2018-07-14 21:01:38','2018-07-14 21:01:38'),(47,'daily-sale','web','2018-07-14 21:24:21','2018-07-14 21:24:21'),(48,'monthly-sale','web','2018-07-14 21:30:41','2018-07-14 21:30:41'),(49,'daily-purchase','web','2018-07-14 21:36:46','2018-07-14 21:36:46'),(50,'monthly-purchase','web','2018-07-14 21:48:17','2018-07-14 21:48:17'),(51,'payment-report','web','2018-07-14 22:10:41','2018-07-14 22:10:41'),(52,'warehouse-stock-report','web','2018-07-14 22:16:55','2018-07-14 22:16:55'),(53,'product-qty-alert','web','2018-07-14 22:33:21','2018-07-14 22:33:21'),(54,'supplier-report','web','2018-07-30 02:00:01','2018-07-30 02:00:01'),(55,'expenses-index','web','2018-09-05 00:07:10','2018-09-05 00:07:10'),(56,'expenses-add','web','2018-09-05 00:07:10','2018-09-05 00:07:10'),(57,'expenses-edit','web','2018-09-05 00:07:10','2018-09-05 00:07:10'),(58,'expenses-delete','web','2018-09-05 00:07:11','2018-09-05 00:07:11'),(59,'general_setting','web','2018-10-19 22:10:04','2018-10-19 22:10:04'),(60,'mail_setting','web','2018-10-19 22:10:04','2018-10-19 22:10:04'),(61,'pos_setting','web','2018-10-19 22:10:04','2018-10-19 22:10:04'),(62,'hrm_setting','web','2019-01-02 09:30:23','2019-01-02 09:30:23'),(63,'purchase-return-index','web','2019-01-02 20:45:14','2019-01-02 20:45:14'),(64,'purchase-return-add','web','2019-01-02 20:45:14','2019-01-02 20:45:14'),(65,'purchase-return-edit','web','2019-01-02 20:45:14','2019-01-02 20:45:14'),(66,'purchase-return-delete','web','2019-01-02 20:45:14','2019-01-02 20:45:14'),(67,'account-index','web','2019-01-02 21:06:13','2019-01-02 21:06:13'),(68,'balance-sheet','web','2019-01-02 21:06:14','2019-01-02 21:06:14'),(69,'account-statement','web','2019-01-02 21:06:14','2019-01-02 21:06:14'),(70,'department','web','2019-01-02 21:30:01','2019-01-02 21:30:01'),(71,'attendance','web','2019-01-02 21:30:01','2019-01-02 21:30:01'),(72,'payroll','web','2019-01-02 21:30:01','2019-01-02 21:30:01'),(73,'employees-index','web','2019-01-02 21:52:19','2019-01-02 21:52:19'),(74,'employees-add','web','2019-01-02 21:52:19','2019-01-02 21:52:19'),(75,'employees-edit','web','2019-01-02 21:52:19','2019-01-02 21:52:19'),(76,'employees-delete','web','2019-01-02 21:52:19','2019-01-02 21:52:19'),(77,'user-report','web','2019-01-16 05:48:18','2019-01-16 05:48:18'),(78,'stock_count','web','2019-02-17 09:32:01','2019-02-17 09:32:01'),(79,'adjustment','web','2019-02-17 09:32:02','2019-02-17 09:32:02'),(80,'sms_setting','web','2019-02-22 04:18:03','2019-02-22 04:18:03'),(81,'create_sms','web','2019-02-22 04:18:03','2019-02-22 04:18:03'),(82,'print_barcode','web','2019-03-07 04:02:19','2019-03-07 04:02:19'),(83,'empty_database','web','2019-03-07 04:02:19','2019-03-07 04:02:19'),(84,'customer_group','web','2019-03-07 04:37:15','2019-03-07 04:37:15'),(85,'unit','web','2019-03-07 04:37:15','2019-03-07 04:37:15'),(86,'tax','web','2019-03-07 04:37:15','2019-03-07 04:37:15'),(87,'gift_card','web','2019-03-07 05:29:38','2019-03-07 05:29:38'),(88,'coupon','web','2019-03-07 05:29:38','2019-03-07 05:29:38'),(89,'holiday','web','2019-10-19 07:57:15','2019-10-19 07:57:15'),(90,'warehouse-report','web','2019-10-22 05:00:23','2019-10-22 05:00:23'),(91,'warehouse','web','2020-02-26 05:47:32','2020-02-26 05:47:32'),(92,'brand','web','2020-02-26 05:59:59','2020-02-26 05:59:59'),(93,'billers-index','web','2020-02-26 06:11:15','2020-02-26 06:11:15'),(94,'billers-add','web','2020-02-26 06:11:15','2020-02-26 06:11:15'),(95,'billers-edit','web','2020-02-26 06:11:15','2020-02-26 06:11:15'),(96,'billers-delete','web','2020-02-26 06:11:15','2020-02-26 06:11:15'),(97,'money-transfer','web','2020-03-02 04:41:48','2020-03-02 04:41:48'),(98,'category','web','2020-07-13 11:13:16','2020-07-13 11:13:16'),(99,'delivery','web','2020-07-13 11:13:16','2020-07-13 11:13:16'),(100,'send_notification','web','2020-10-31 05:21:31','2020-10-31 05:21:31'),(101,'today_sale','web','2020-10-31 05:57:04','2020-10-31 05:57:04'),(102,'today_profit','web','2020-10-31 05:57:04','2020-10-31 05:57:04'),(103,'currency','web','2020-11-08 23:23:11','2020-11-08 23:23:11'),(104,'backup_database','web','2020-11-14 23:16:55','2020-11-14 23:16:55'),(105,'reward_point_setting','web','2021-06-27 03:34:42','2021-06-27 03:34:42');
/*!40000 ALTER TABLE `permissions` ENABLE KEYS */;
UNLOCK TABLES;

--
-- Table structure for table `pos_setting`
--

DROP TABLE IF EXISTS `pos_setting`;
/*!40101 SET @saved_cs_client     = @@character_set_client */;
/*!40101 SET character_set_client = utf8 */;
CREATE TABLE `pos_setting` (
  `id` int(11) NOT NULL,
  `customer_id` int(11) NOT NULL,
  `warehouse_id` int(11) NOT NULL,
  `biller_id` int(11) NOT NULL,
  `product_number` int(11) NOT NULL,
  `keybord_active` tinyint(1) NOT NULL,
  `stripe_public_key` varchar(191) COLLATE utf8mb4_unicode_ci DEFAULT NULL,
  `stripe_secret_key` varchar(191) COLLATE utf8mb4_unicode_ci NOT NULL,
  `created_at` timestamp NULL DEFAULT NULL,
  `updated_at` timestamp NULL DEFAULT NULL,
  UNIQUE KEY `pos_setting_id_unique` (`id`)
) ENGINE=InnoDB DEFAULT CHARSET=utf8mb4 COLLATE=utf8mb4_unicode_ci;
/*!40101 SET character_set_client = @saved_cs_client */;

--
-- Dumping data for table `pos_setting`
--

LOCK TABLES `pos_setting` WRITE;
/*!40000 ALTER TABLE `pos_setting` DISABLE KEYS */;
INSERT INTO `pos_setting` VALUES (1,11,1,1,4,0,'1312','123412','2018-09-02 02:17:04','2022-03-23 19:44:10');
/*!40000 ALTER TABLE `pos_setting` ENABLE KEYS */;
UNLOCK TABLES;

--
-- Table structure for table `product_adjustments`
--

DROP TABLE IF EXISTS `product_adjustments`;
/*!40101 SET @saved_cs_client     = @@character_set_client */;
/*!40101 SET character_set_client = utf8 */;
CREATE TABLE `product_adjustments` (
  `id` int(10) unsigned NOT NULL AUTO_INCREMENT,
  `adjustment_id` int(11) NOT NULL,
  `product_id` int(11) NOT NULL,
  `variant_id` int(11) DEFAULT NULL,
  `qty` double NOT NULL,
  `action` varchar(191) COLLATE utf8mb4_unicode_ci NOT NULL,
  `created_at` timestamp NULL DEFAULT NULL,
  `updated_at` timestamp NULL DEFAULT NULL,
  PRIMARY KEY (`id`)
) ENGINE=InnoDB AUTO_INCREMENT=17 DEFAULT CHARSET=utf8mb4 COLLATE=utf8mb4_unicode_ci;
/*!40101 SET character_set_client = @saved_cs_client */;

--
-- Dumping data for table `product_adjustments`
--

LOCK TABLES `product_adjustments` WRITE;
/*!40000 ALTER TABLE `product_adjustments` DISABLE KEYS */;
/*!40000 ALTER TABLE `product_adjustments` ENABLE KEYS */;
UNLOCK TABLES;

--
-- Table structure for table `product_batches`
--

DROP TABLE IF EXISTS `product_batches`;
/*!40101 SET @saved_cs_client     = @@character_set_client */;
/*!40101 SET character_set_client = utf8 */;
CREATE TABLE `product_batches` (
  `id` bigint(20) unsigned NOT NULL AUTO_INCREMENT,
  `product_id` int(11) NOT NULL,
  `batch_no` varchar(191) COLLATE utf8mb4_unicode_ci NOT NULL,
  `expired_date` date NOT NULL,
  `qty` double NOT NULL,
  `created_at` timestamp NULL DEFAULT NULL,
  `updated_at` timestamp NULL DEFAULT NULL,
  PRIMARY KEY (`id`)
) ENGINE=InnoDB AUTO_INCREMENT=5 DEFAULT CHARSET=utf8mb4 COLLATE=utf8mb4_unicode_ci;
/*!40101 SET character_set_client = @saved_cs_client */;

--
-- Dumping data for table `product_batches`
--

LOCK TABLES `product_batches` WRITE;
/*!40000 ALTER TABLE `product_batches` DISABLE KEYS */;
INSERT INTO `product_batches` VALUES (1,71,'1001','2023-05-31',18,'2021-03-07 07:14:05','2021-11-29 06:22:53'),(2,71,'1002','2023-05-31',6,'2021-03-07 07:55:06','2021-06-18 13:32:54'),(3,71,'1003','2023-09-30',2,'2021-03-09 08:42:13','2021-09-21 08:49:37'),(4,22,'10001','2021-11-30',1,'2021-10-20 06:47:09','2021-10-20 06:47:09');
/*!40000 ALTER TABLE `product_batches` ENABLE KEYS */;
UNLOCK TABLES;

--
-- Table structure for table `product_purchases`
--

DROP TABLE IF EXISTS `product_purchases`;
/*!40101 SET @saved_cs_client     = @@character_set_client */;
/*!40101 SET character_set_client = utf8 */;
CREATE TABLE `product_purchases` (
  `id` int(10) unsigned NOT NULL AUTO_INCREMENT,
  `purchase_id` int(11) NOT NULL,
  `product_id` int(11) NOT NULL,
  `product_batch_id` int(11) DEFAULT NULL,
  `variant_id` int(11) DEFAULT NULL,
  `imei_number` text COLLATE utf8mb4_unicode_ci DEFAULT NULL,
  `qty` double NOT NULL,
  `recieved` double NOT NULL,
  `purchase_unit_id` int(11) NOT NULL,
  `net_unit_cost` double NOT NULL,
  `discount` double NOT NULL,
  `tax_rate` double NOT NULL,
  `tax` double NOT NULL,
  `total` double NOT NULL,
  `created_at` timestamp NULL DEFAULT NULL,
  `updated_at` timestamp NULL DEFAULT NULL,
  PRIMARY KEY (`id`)
) ENGINE=InnoDB AUTO_INCREMENT=382 DEFAULT CHARSET=utf8mb4 COLLATE=utf8mb4_unicode_ci;
/*!40101 SET character_set_client = @saved_cs_client */;

--
-- Dumping data for table `product_purchases`
--

LOCK TABLES `product_purchases` WRITE;
/*!40000 ALTER TABLE `product_purchases` DISABLE KEYS */;
INSERT INTO `product_purchases` VALUES (372,136,84,NULL,NULL,NULL,155,155,1,250000,0,0,0,38750000,'2022-03-23 21:42:30','2022-03-23 21:42:30'),(373,136,83,NULL,NULL,NULL,100,100,1,100000,0,0,0,10000000,'2022-03-23 21:42:30','2022-03-23 21:42:30'),(374,137,84,NULL,NULL,NULL,1,1,1,250000,0,0,0,250000,'2022-04-22 19:58:14','2022-04-22 19:58:14'),(375,138,83,NULL,NULL,NULL,10,10,1,100000,0,0,0,1000000,'2022-05-17 08:54:26','2022-05-17 08:54:26'),(376,139,85,NULL,NULL,NULL,10,10,1,500000,0,0,0,5000000,'2022-05-17 09:02:06','2022-05-17 09:02:06'),(377,139,83,NULL,NULL,NULL,100,100,1,100000,0,0,0,10000000,'2022-05-17 09:02:06','2022-05-17 09:02:06'),(378,140,83,NULL,NULL,NULL,100,100,1,100000,0,0,0,10000000,'2022-05-18 00:53:08','2022-05-18 00:53:08'),(379,141,85,NULL,NULL,NULL,2,2,1,500000,0,0,0,1000000,'2022-10-24 18:04:14','2022-10-24 18:04:14'),(380,142,83,NULL,NULL,NULL,2,0,1,100000,0,0,0,200000,'2022-10-24 18:07:31','2022-10-24 18:07:31'),(381,142,85,NULL,NULL,NULL,2,0,1,500000,0,0,0,1000000,'2022-10-24 18:07:31','2022-10-24 18:07:31');
/*!40000 ALTER TABLE `product_purchases` ENABLE KEYS */;
UNLOCK TABLES;

--
-- Table structure for table `product_quotation`
--

DROP TABLE IF EXISTS `product_quotation`;
/*!40101 SET @saved_cs_client     = @@character_set_client */;
/*!40101 SET character_set_client = utf8 */;
CREATE TABLE `product_quotation` (
  `id` int(10) unsigned NOT NULL AUTO_INCREMENT,
  `quotation_id` int(11) NOT NULL,
  `product_id` int(11) NOT NULL,
  `product_batch_id` int(11) DEFAULT NULL,
  `variant_id` int(11) DEFAULT NULL,
  `qty` double NOT NULL,
  `sale_unit_id` int(11) NOT NULL,
  `net_unit_price` double NOT NULL,
  `discount` double NOT NULL,
  `tax_rate` double NOT NULL,
  `tax` double NOT NULL,
  `total` double NOT NULL,
  `created_at` timestamp NULL DEFAULT NULL,
  `updated_at` timestamp NULL DEFAULT NULL,
  PRIMARY KEY (`id`)
) ENGINE=InnoDB AUTO_INCREMENT=40 DEFAULT CHARSET=utf8mb4 COLLATE=utf8mb4_unicode_ci;
/*!40101 SET character_set_client = @saved_cs_client */;

--
-- Dumping data for table `product_quotation`
--

LOCK TABLES `product_quotation` WRITE;
/*!40000 ALTER TABLE `product_quotation` DISABLE KEYS */;
INSERT INTO `product_quotation` VALUES (39,16,84,NULL,NULL,2,1,560000,0,0,0,1120000,'2022-10-09 16:35:28','2022-10-09 16:35:28');
/*!40000 ALTER TABLE `product_quotation` ENABLE KEYS */;
UNLOCK TABLES;

--
-- Table structure for table `product_returns`
--

DROP TABLE IF EXISTS `product_returns`;
/*!40101 SET @saved_cs_client     = @@character_set_client */;
/*!40101 SET character_set_client = utf8 */;
CREATE TABLE `product_returns` (
  `id` int(10) unsigned NOT NULL AUTO_INCREMENT,
  `return_id` int(11) NOT NULL,
  `product_id` int(11) NOT NULL,
  `product_batch_id` int(11) DEFAULT NULL,
  `variant_id` int(11) DEFAULT NULL,
  `imei_number` text COLLATE utf8mb4_unicode_ci DEFAULT NULL,
  `qty` double NOT NULL,
  `sale_unit_id` int(11) NOT NULL,
  `net_unit_price` double NOT NULL,
  `discount` double NOT NULL,
  `tax_rate` double NOT NULL,
  `tax` double NOT NULL,
  `total` double NOT NULL,
  `created_at` timestamp NULL DEFAULT NULL,
  `updated_at` timestamp NULL DEFAULT NULL,
  PRIMARY KEY (`id`)
) ENGINE=InnoDB AUTO_INCREMENT=56 DEFAULT CHARSET=utf8mb4 COLLATE=utf8mb4_unicode_ci;
/*!40101 SET character_set_client = @saved_cs_client */;

--
-- Dumping data for table `product_returns`
--

LOCK TABLES `product_returns` WRITE;
/*!40000 ALTER TABLE `product_returns` DISABLE KEYS */;
INSERT INTO `product_returns` VALUES (55,30,83,NULL,NULL,NULL,1,1,250000,0,0,0,250000,'2022-08-06 22:42:08','2022-08-06 22:42:08');
/*!40000 ALTER TABLE `product_returns` ENABLE KEYS */;
UNLOCK TABLES;

--
-- Table structure for table `product_sales`
--

DROP TABLE IF EXISTS `product_sales`;
/*!40101 SET @saved_cs_client     = @@character_set_client */;
/*!40101 SET character_set_client = utf8 */;
CREATE TABLE `product_sales` (
  `id` int(10) unsigned NOT NULL AUTO_INCREMENT,
  `sale_id` int(11) NOT NULL,
  `product_id` int(11) NOT NULL,
  `product_batch_id` int(11) DEFAULT NULL,
  `variant_id` int(11) DEFAULT NULL,
  `imei_number` text COLLATE utf8mb4_unicode_ci DEFAULT NULL,
  `qty` double NOT NULL,
  `sale_unit_id` int(11) NOT NULL,
  `net_unit_price` double NOT NULL,
  `discount` double NOT NULL,
  `tax_rate` double NOT NULL,
  `tax` double NOT NULL,
  `total` double NOT NULL,
  `created_at` timestamp NULL DEFAULT NULL,
  `updated_at` timestamp NULL DEFAULT NULL,
  PRIMARY KEY (`id`)
) ENGINE=InnoDB AUTO_INCREMENT=607 DEFAULT CHARSET=utf8mb4 COLLATE=utf8mb4_unicode_ci;
/*!40101 SET character_set_client = @saved_cs_client */;

--
-- Dumping data for table `product_sales`
--

LOCK TABLES `product_sales` WRITE;
/*!40000 ALTER TABLE `product_sales` DISABLE KEYS */;
INSERT INTO `product_sales` VALUES (588,363,84,NULL,NULL,NULL,16,1,560000,0,0,0,8960000,'2022-03-23 21:49:19','2022-05-09 00:40:25'),(589,363,83,NULL,NULL,NULL,17,1,250000,0,0,0,4250000,'2022-03-23 21:49:19','2022-05-09 00:40:25'),(590,364,83,NULL,NULL,NULL,1,1,250000,0,0,0,250000,'2022-05-17 09:15:09','2022-05-17 09:15:09'),(591,365,83,NULL,NULL,NULL,12,1,250000,0,0,0,3000000,'2022-05-18 00:56:05','2022-05-18 00:56:05'),(592,366,84,NULL,NULL,NULL,1,1,560000,0,0,0,560000,'2022-05-23 00:18:48','2022-05-23 00:18:48'),(593,366,83,NULL,NULL,NULL,1,1,250000,0,0,0,250000,'2022-05-23 00:18:48','2022-05-23 00:18:48'),(594,367,84,NULL,NULL,NULL,1,1,588000,0,0,0,588000,'2022-05-23 07:41:17','2022-05-23 07:41:17'),(595,368,84,NULL,NULL,NULL,1,1,560000,0,0,0,560000,'2022-06-23 00:10:06','2022-06-23 00:10:06'),(596,368,83,NULL,NULL,NULL,2,1,250000,0,0,0,500000,'2022-06-23 00:10:06','2022-06-23 00:10:06'),(597,369,84,NULL,NULL,NULL,1,1,560000,0,0,0,560000,'2022-07-23 08:34:20','2022-07-23 08:34:20'),(598,369,83,NULL,NULL,NULL,1,1,250000,0,0,0,250000,'2022-07-23 08:34:20','2022-07-23 08:34:20'),(599,370,84,NULL,NULL,NULL,1,1,560000,0,0,0,560000,'2022-07-23 09:04:55','2022-07-23 09:04:55'),(600,370,83,NULL,NULL,NULL,1,1,250000,0,0,0,250000,'2022-07-23 09:04:55','2022-07-23 09:04:55'),(601,371,84,NULL,NULL,NULL,1,1,560000,0,0,0,560000,'2022-08-05 01:38:44','2022-08-05 01:38:44'),(602,371,83,NULL,NULL,NULL,1,1,250000,0,0,0,250000,'2022-08-05 01:38:44','2022-08-05 01:38:44'),(603,372,83,NULL,NULL,NULL,1,1,250000,0,0,0,250000,'2022-08-06 22:37:14','2022-08-06 22:37:14'),(604,373,83,NULL,NULL,NULL,2,1,250000,0,0,0,500000,'2022-10-09 00:39:08','2022-10-09 00:39:08'),(605,374,83,NULL,NULL,NULL,1,1,250000,0,0,0,250000,'2022-10-11 02:09:50','2022-10-11 02:09:50'),(606,375,84,NULL,NULL,NULL,1,1,560000,0,0,0,560000,'2022-10-12 21:21:50','2022-10-12 21:21:50');
/*!40000 ALTER TABLE `product_sales` ENABLE KEYS */;
UNLOCK TABLES;

--
-- Table structure for table `product_transfer`
--

DROP TABLE IF EXISTS `product_transfer`;
/*!40101 SET @saved_cs_client     = @@character_set_client */;
/*!40101 SET character_set_client = utf8 */;
CREATE TABLE `product_transfer` (
  `id` int(10) unsigned NOT NULL AUTO_INCREMENT,
  `transfer_id` int(11) NOT NULL,
  `product_id` int(11) NOT NULL,
  `product_batch_id` int(11) DEFAULT NULL,
  `variant_id` int(11) DEFAULT NULL,
  `imei_number` text COLLATE utf8mb4_unicode_ci DEFAULT NULL,
  `qty` double NOT NULL,
  `purchase_unit_id` int(11) NOT NULL,
  `net_unit_cost` double NOT NULL,
  `tax_rate` double NOT NULL,
  `tax` double NOT NULL,
  `total` double NOT NULL,
  `created_at` timestamp NULL DEFAULT NULL,
  `updated_at` timestamp NULL DEFAULT NULL,
  PRIMARY KEY (`id`)
) ENGINE=InnoDB AUTO_INCREMENT=34 DEFAULT CHARSET=utf8mb4 COLLATE=utf8mb4_unicode_ci;
/*!40101 SET character_set_client = @saved_cs_client */;

--
-- Dumping data for table `product_transfer`
--

LOCK TABLES `product_transfer` WRITE;
/*!40000 ALTER TABLE `product_transfer` DISABLE KEYS */;
INSERT INTO `product_transfer` VALUES (32,21,83,NULL,NULL,NULL,10,1,100000,0,0,1000000,'2022-05-18 01:04:01','2022-05-18 01:04:01'),(33,22,84,NULL,NULL,NULL,2,1,250000,0,0,500000,'2022-10-09 16:33:24','2022-10-09 16:33:24');
/*!40000 ALTER TABLE `product_transfer` ENABLE KEYS */;
UNLOCK TABLES;

--
-- Table structure for table `product_variants`
--

DROP TABLE IF EXISTS `product_variants`;
/*!40101 SET @saved_cs_client     = @@character_set_client */;
/*!40101 SET character_set_client = utf8 */;
CREATE TABLE `product_variants` (
  `id` int(10) unsigned NOT NULL AUTO_INCREMENT,
  `product_id` int(11) NOT NULL,
  `variant_id` int(11) NOT NULL,
  `position` int(11) NOT NULL,
  `item_code` varchar(191) COLLATE utf8mb4_unicode_ci NOT NULL,
  `additional_price` double DEFAULT NULL,
  `qty` double NOT NULL,
  `created_at` timestamp NULL DEFAULT NULL,
  `updated_at` timestamp NULL DEFAULT NULL,
  PRIMARY KEY (`id`)
) ENGINE=InnoDB AUTO_INCREMENT=23 DEFAULT CHARSET=utf8mb4 COLLATE=utf8mb4_unicode_ci;
/*!40101 SET character_set_client = @saved_cs_client */;

--
-- Dumping data for table `product_variants`
--

LOCK TABLES `product_variants` WRITE;
/*!40000 ALTER TABLE `product_variants` DISABLE KEYS */;
/*!40000 ALTER TABLE `product_variants` ENABLE KEYS */;
UNLOCK TABLES;

--
-- Table structure for table `product_warehouse`
--

DROP TABLE IF EXISTS `product_warehouse`;
/*!40101 SET @saved_cs_client     = @@character_set_client */;
/*!40101 SET character_set_client = utf8 */;
CREATE TABLE `product_warehouse` (
  `id` int(10) unsigned NOT NULL AUTO_INCREMENT,
  `product_id` varchar(191) COLLATE utf8mb4_unicode_ci NOT NULL,
  `product_batch_id` int(11) DEFAULT NULL,
  `variant_id` int(11) DEFAULT NULL,
  `imei_number` text COLLATE utf8mb4_unicode_ci DEFAULT NULL,
  `warehouse_id` int(11) NOT NULL,
  `qty` double NOT NULL,
  `price` double DEFAULT NULL,
  `created_at` timestamp NULL DEFAULT NULL,
  `updated_at` timestamp NULL DEFAULT NULL,
  PRIMARY KEY (`id`)
) ENGINE=InnoDB AUTO_INCREMENT=70 DEFAULT CHARSET=utf8mb4 COLLATE=utf8mb4_unicode_ci;
/*!40101 SET character_set_client = @saved_cs_client */;

--
-- Dumping data for table `product_warehouse`
--

LOCK TABLES `product_warehouse` WRITE;
/*!40000 ALTER TABLE `product_warehouse` DISABLE KEYS */;
INSERT INTO `product_warehouse` VALUES (65,'84',NULL,NULL,NULL,1,131,NULL,'2022-03-23 21:42:30','2022-10-12 21:21:50'),(66,'83',NULL,NULL,NULL,1,161,NULL,'2022-03-23 21:42:30','2022-10-11 02:09:50'),(67,'85',NULL,NULL,NULL,1,12,NULL,'2022-05-17 09:02:06','2022-10-24 18:04:14'),(68,'83',NULL,NULL,NULL,7,110,NULL,'2022-05-18 00:53:08','2022-05-18 01:04:01'),(69,'84',NULL,NULL,NULL,7,2,NULL,'2022-10-09 16:33:24','2022-10-09 16:33:24');
/*!40000 ALTER TABLE `product_warehouse` ENABLE KEYS */;
UNLOCK TABLES;

--
-- Table structure for table `products`
--

DROP TABLE IF EXISTS `products`;
/*!40101 SET @saved_cs_client     = @@character_set_client */;
/*!40101 SET character_set_client = utf8 */;
CREATE TABLE `products` (
  `id` int(10) unsigned NOT NULL AUTO_INCREMENT,
  `name` varchar(191) COLLATE utf8mb4_unicode_ci NOT NULL,
  `code` varchar(191) COLLATE utf8mb4_unicode_ci NOT NULL,
  `type` varchar(191) COLLATE utf8mb4_unicode_ci NOT NULL,
  `barcode_symbology` varchar(191) COLLATE utf8mb4_unicode_ci NOT NULL,
  `brand_id` int(10) NOT NULL,
  `category_id` int(10) NOT NULL,
  `unit_id` int(11) NOT NULL,
  `purchase_unit_id` int(11) NOT NULL,
  `sale_unit_id` int(11) NOT NULL,
  `cost` varchar(191) COLLATE utf8mb4_unicode_ci NOT NULL,
  `price` varchar(191) COLLATE utf8mb4_unicode_ci NOT NULL,
  `price_wholesale` varchar(45) COLLATE utf8mb4_unicode_ci DEFAULT NULL,
  `qty` double DEFAULT NULL,
  `alert_quantity` double DEFAULT NULL,
  `promotion` tinyint(4) DEFAULT NULL,
  `promotion_price` varchar(191) COLLATE utf8mb4_unicode_ci DEFAULT NULL,
  `starting_date` varchar(200) COLLATE utf8mb4_unicode_ci DEFAULT NULL,
  `last_date` date DEFAULT NULL,
  `tax_id` int(11) DEFAULT NULL,
  `tax_method` int(11) DEFAULT NULL,
  `image` longtext COLLATE utf8mb4_unicode_ci DEFAULT NULL,
  `file` varchar(191) COLLATE utf8mb4_unicode_ci DEFAULT NULL,
  `is_variant` tinyint(1) DEFAULT NULL,
  `is_batch` tinyint(1) DEFAULT NULL,
  `is_diffPrice` tinyint(1) DEFAULT NULL,
  `is_imei` tinyint(1) DEFAULT NULL,
  `featured` tinyint(4) DEFAULT NULL,
  `product_list` varchar(191) COLLATE utf8mb4_unicode_ci DEFAULT NULL,
  `variant_list` varchar(191) COLLATE utf8mb4_unicode_ci DEFAULT NULL,
  `qty_list` varchar(191) COLLATE utf8mb4_unicode_ci DEFAULT NULL,
  `price_list` varchar(191) COLLATE utf8mb4_unicode_ci DEFAULT NULL,
  `product_details` text COLLATE utf8mb4_unicode_ci DEFAULT NULL,
  `is_active` tinyint(1) DEFAULT NULL,
  `created_at` timestamp NULL DEFAULT NULL,
  `updated_at` timestamp NULL DEFAULT NULL,
  PRIMARY KEY (`id`)
) ENGINE=InnoDB AUTO_INCREMENT=403 DEFAULT CHARSET=utf8mb4 COLLATE=utf8mb4_unicode_ci;
/*!40101 SET character_set_client = @saved_cs_client */;

--
-- Dumping data for table `products`
--

LOCK TABLES `products` WRITE;
/*!40000 ALTER TABLE `products` DISABLE KEYS */;
INSERT INTO `products` VALUES (166,'Besi Beton Uk.6','K0010M00011120220001','standard','C128',557,34,17,17,17,'0','50000','',5,NULL,NULL,NULL,NULL,NULL,NULL,1,'zummXD2dvAtI.png',NULL,NULL,NULL,NULL,NULL,NULL,NULL,NULL,NULL,NULL,'',1,'2022-11-13 21:54:50','2022-11-13 21:54:50'),(167,'Besi Beton Uk.8','K0010M00011120220011','standard','C128',557,34,17,17,17,'0','71000','',5,NULL,NULL,NULL,NULL,NULL,NULL,1,'zummXD2dvAtI.png',NULL,NULL,NULL,NULL,NULL,NULL,NULL,NULL,NULL,NULL,'',1,'2022-11-13 21:54:50','2022-11-13 21:54:50'),(168,'Besi Beton Uk.10','K0010M00011120220011','standard','C128',557,34,17,17,17,'0','108000','',5,NULL,NULL,NULL,NULL,NULL,NULL,1,'zummXD2dvAtI.png',NULL,NULL,NULL,NULL,NULL,NULL,NULL,NULL,NULL,NULL,'',1,'2022-11-13 21:54:50','2022-11-13 21:54:50'),(169,'Besi Beton Uk.12','K0010M00011120220011','standard','C128',557,34,17,17,17,'0','150000','',5,NULL,NULL,NULL,NULL,NULL,NULL,1,'zummXD2dvAtI.png',NULL,NULL,NULL,NULL,NULL,NULL,NULL,NULL,NULL,NULL,'',1,'2022-11-13 21:54:50','2022-11-13 21:54:50'),(170,'Besi Beton Uk.14','K0010M00011120220011','standard','C128',557,34,17,17,17,'0','0','',5,NULL,NULL,NULL,NULL,NULL,NULL,1,'zummXD2dvAtI.png',NULL,NULL,NULL,NULL,NULL,NULL,NULL,NULL,NULL,NULL,'',1,'2022-11-13 21:54:50','2022-11-13 21:54:50'),(171,'Besi Beton Uk.16','K0010M00011120220011','standard','C128',557,34,17,17,17,'0','255000','',5,NULL,NULL,NULL,NULL,NULL,NULL,1,'zummXD2dvAtI.png',NULL,NULL,NULL,NULL,NULL,NULL,NULL,NULL,NULL,NULL,'',1,'2022-11-13 21:54:50','2022-11-13 21:54:50'),(172,'Besi Beton Uk.19','K0010M00011120220011','standard','C128',557,34,17,17,17,'0','0','',5,NULL,NULL,NULL,NULL,NULL,NULL,1,'zummXD2dvAtI.png',NULL,NULL,NULL,NULL,NULL,NULL,NULL,NULL,NULL,NULL,'',1,'2022-11-13 21:54:51','2022-11-13 21:54:51'),(173,'Besi Beton Uk.22','K0010M00011120220011','standard','C128',557,34,17,17,17,'0','0','',5,NULL,NULL,NULL,NULL,NULL,NULL,1,'zummXD2dvAtI.png',NULL,NULL,NULL,NULL,NULL,NULL,NULL,NULL,NULL,NULL,'',1,'2022-11-13 21:54:51','2022-11-13 21:54:51'),(174,'Besi Beton Uk.25','K0010M00011120220011','standard','C128',557,34,17,17,17,'0','0','',5,NULL,NULL,NULL,NULL,NULL,NULL,1,'zummXD2dvAtI.png',NULL,NULL,NULL,NULL,NULL,NULL,NULL,NULL,NULL,NULL,'',1,'2022-11-13 21:54:51','2022-11-13 21:54:51'),(175,'Besi Beton Uk.32','K0010M00011120220011','standard','C128',557,34,17,17,17,'0','0','',5,NULL,NULL,NULL,NULL,NULL,NULL,1,'zummXD2dvAtI.png',NULL,NULL,NULL,NULL,NULL,NULL,NULL,NULL,NULL,NULL,'',1,'2022-11-13 21:54:51','2022-11-13 21:54:51'),(176,'Besi Beton Ulir Uk.D10','K0010M00011120220011','standard','C128',557,34,17,17,17,'0','0','',5,NULL,NULL,NULL,NULL,NULL,NULL,1,'zummXD2dvAtI.png',NULL,NULL,NULL,NULL,NULL,NULL,NULL,NULL,NULL,NULL,'',1,'2022-11-13 21:54:51','2022-11-13 21:54:51'),(177,'Besi Beton Ulir Uk.D13','K0010M00011120220011','standard','C128',557,34,17,17,17,'0','172000','',5,NULL,NULL,NULL,NULL,NULL,NULL,1,'zummXD2dvAtI.png',NULL,NULL,NULL,NULL,NULL,NULL,NULL,NULL,NULL,NULL,'',1,'2022-11-13 21:54:51','2022-11-13 21:54:51'),(178,'Besi Beton Ulir Uk.D16','K0010M00011120220011','standard','C128',557,34,17,17,17,'0','270000','',5,NULL,NULL,NULL,NULL,NULL,NULL,1,'zummXD2dvAtI.png',NULL,NULL,NULL,NULL,NULL,NULL,NULL,NULL,NULL,NULL,'',1,'2022-11-13 21:54:51','2022-11-13 21:54:51'),(179,'Besi Beton Ulir Uk.D19','K0010M00011120220011','standard','C128',557,34,17,17,17,'0','315000','',5,NULL,NULL,NULL,NULL,NULL,NULL,1,'zummXD2dvAtI.png',NULL,NULL,NULL,NULL,NULL,NULL,NULL,NULL,NULL,NULL,'',1,'2022-11-13 21:54:51','2022-11-13 21:54:51'),(180,'Besi Beton Ulir Uk.D22','K0010M00011120220011','standard','C128',557,34,17,17,17,'0','415000','',5,NULL,NULL,NULL,NULL,NULL,NULL,1,'zummXD2dvAtI.png',NULL,NULL,NULL,NULL,NULL,NULL,NULL,NULL,NULL,NULL,'',1,'2022-11-13 21:54:51','2022-11-13 21:54:51'),(181,'Besi Beton Ulir Uk.D25','K0010M00011120220011','standard','C128',557,34,17,17,17,'0','0','',5,NULL,NULL,NULL,NULL,NULL,NULL,1,'zummXD2dvAtI.png',NULL,NULL,NULL,NULL,NULL,NULL,NULL,NULL,NULL,NULL,'',1,'2022-11-13 21:54:51','2022-11-13 21:54:51'),(182,'Besi Beton Ulir Ulir Uk.D32','K0010M00011120220011','standard','C128',557,34,17,17,17,'0','0','',5,NULL,NULL,NULL,NULL,NULL,NULL,1,'zummXD2dvAtI.png',NULL,NULL,NULL,NULL,NULL,NULL,NULL,NULL,NULL,NULL,'',1,'2022-11-13 21:54:51','2022-11-13 21:54:51'),(183,'Besi Hollow Gypsum  Uk. 24','K0010M00011120220011','standard','C128',557,34,17,17,17,'0','0','',5,NULL,NULL,NULL,NULL,NULL,NULL,1,'zummXD2dvAtI.png',NULL,NULL,NULL,NULL,NULL,NULL,NULL,NULL,NULL,NULL,'',1,'2022-11-13 21:54:51','2022-11-13 21:54:51'),(184,'Besi Hollow Gypsum  Uk. 44','K0010M00011120220011','standard','C128',557,34,17,17,17,'0','0','',5,NULL,NULL,NULL,NULL,NULL,NULL,1,'zummXD2dvAtI.png',NULL,NULL,NULL,NULL,NULL,NULL,NULL,NULL,NULL,NULL,'',1,'2022-11-13 21:54:51','2022-11-13 21:54:51'),(185,'Baut BNM GP 8x35','K0017M00011120220001','standard','C128',557,41,12,12,12,'0','1000','',5,NULL,NULL,NULL,NULL,NULL,NULL,1,'zummXD2dvAtI.png',NULL,NULL,NULL,NULL,NULL,NULL,NULL,NULL,NULL,NULL,'',1,'2022-11-13 21:54:52','2022-11-13 21:54:52'),(186,'Baut BNM GP 10x35','K0017M00011120220018','standard','C128',557,41,12,12,12,'0','4500','',5,NULL,NULL,NULL,NULL,NULL,NULL,1,'zummXD2dvAtI.png',NULL,NULL,NULL,NULL,NULL,NULL,NULL,NULL,NULL,NULL,'',1,'2022-11-13 21:54:52','2022-11-13 21:54:52'),(187,'Baut BNM GP 12x80','K0017M00011120220018','standard','C128',557,41,12,12,12,'0','9000','',5,NULL,NULL,NULL,NULL,NULL,NULL,1,'zummXD2dvAtI.png',NULL,NULL,NULL,NULL,NULL,NULL,NULL,NULL,NULL,NULL,'',1,'2022-11-13 21:54:52','2022-11-13 21:54:52'),(188,'Baut Piser 6\"?','K0017M00101120220001','standard','C128',10,41,12,12,12,'0','0','',5,NULL,NULL,NULL,NULL,NULL,NULL,1,'zummXD2dvAtI.png',NULL,NULL,NULL,NULL,NULL,NULL,NULL,NULL,NULL,NULL,'',1,'2022-11-13 21:54:52','2022-11-13 21:54:52'),(189,'Baut Piser 8\"?','K0017M00101120220018','standard','C128',10,41,12,12,12,'0','0','',5,NULL,NULL,NULL,NULL,NULL,NULL,1,'zummXD2dvAtI.png',NULL,NULL,NULL,NULL,NULL,NULL,NULL,NULL,NULL,NULL,'',1,'2022-11-13 21:54:52','2022-11-13 21:54:52'),(190,'Baut pompa air  Plastik','K0017M00011120220018','standard','C128',557,41,12,12,12,'0','0','',5,NULL,NULL,NULL,NULL,NULL,NULL,1,'zummXD2dvAtI.png',NULL,NULL,NULL,NULL,NULL,NULL,NULL,NULL,NULL,NULL,'',1,'2022-11-13 21:54:52','2022-11-13 21:54:52'),(191,'Baut tempat tidur 8x100mm','K0017M01101120220001','standard','C128',110,41,12,12,12,'0','0','',5,NULL,NULL,NULL,NULL,NULL,NULL,1,'zummXD2dvAtI.png',NULL,NULL,NULL,NULL,NULL,NULL,NULL,NULL,NULL,NULL,'',1,'2022-11-13 21:54:52','2022-11-13 21:54:52'),(192,'Baut tempat tidur 7.5x100mm','K0017M01111120220001','standard','C128',111,41,12,12,12,'0','0','',5,NULL,NULL,NULL,NULL,NULL,NULL,1,'zummXD2dvAtI.png',NULL,NULL,NULL,NULL,NULL,NULL,NULL,NULL,NULL,NULL,'',1,'2022-11-13 21:54:52','2022-11-13 21:54:52'),(193,'Dinabolt 8x5mm','K0017M00351120220001','standard','C128',35,41,12,12,12,'0','3000','',5,NULL,NULL,NULL,NULL,NULL,NULL,1,'zummXD2dvAtI.png',NULL,NULL,NULL,NULL,NULL,NULL,NULL,NULL,NULL,NULL,'',1,'2022-11-13 21:54:52','2022-11-13 21:54:52'),(194,'Fisher + Ring 8x60mm','K0017M00151120220001','standard','C128',15,41,31,31,31,'0','0','',5,NULL,NULL,NULL,NULL,NULL,NULL,1,'zummXD2dvAtI.png',NULL,NULL,NULL,NULL,NULL,NULL,NULL,NULL,NULL,NULL,'',1,'2022-11-13 21:54:52','2022-11-13 21:54:52'),(195,'Fisher + Screw 6x45mm','K0017M00151120220018','standard','C128',15,41,31,31,31,'0','0','',5,NULL,NULL,NULL,NULL,NULL,NULL,1,'zummXD2dvAtI.png',NULL,NULL,NULL,NULL,NULL,NULL,NULL,NULL,NULL,NULL,'',1,'2022-11-13 21:54:52','2022-11-13 21:54:52'),(196,'Fisher + skrup 6mm','K0017M00021120220001','standard','C128',2,41,31,31,31,'0','0','',5,NULL,NULL,NULL,NULL,NULL,NULL,1,'zummXD2dvAtI.png',NULL,NULL,NULL,NULL,NULL,NULL,NULL,NULL,NULL,NULL,'',1,'2022-11-13 21:54:52','2022-11-13 21:54:52'),(197,'Fisher + skrup 8mm','K0017M00021120220018','standard','C128',2,41,31,31,31,'0','0','',5,NULL,NULL,NULL,NULL,NULL,NULL,1,'zummXD2dvAtI.png',NULL,NULL,NULL,NULL,NULL,NULL,NULL,NULL,NULL,NULL,'',1,'2022-11-13 21:54:52','2022-11-13 21:54:52'),(198,'Fisher + skrup 10mm','K0017M00021120220018','standard','C128',2,41,31,31,31,'0','0','',5,NULL,NULL,NULL,NULL,NULL,NULL,1,'zummXD2dvAtI.png',NULL,NULL,NULL,NULL,NULL,NULL,NULL,NULL,NULL,NULL,'',1,'2022-11-13 21:54:52','2022-11-13 21:54:52'),(199,'Fisher + skrup M6 3x30mm','K0017M00061120220001','standard','C128',6,41,31,31,31,'0','35000','',5,NULL,NULL,NULL,NULL,NULL,NULL,1,'zummXD2dvAtI.png',NULL,NULL,NULL,NULL,NULL,NULL,NULL,NULL,NULL,NULL,'',1,'2022-11-13 21:54:53','2022-11-13 21:54:53'),(200,'Mur Uk. 12','K0017M00011120220018','standard','C128',557,41,12,12,12,'0','0','',5,NULL,NULL,NULL,NULL,NULL,NULL,1,'zummXD2dvAtI.png',NULL,NULL,NULL,NULL,NULL,NULL,NULL,NULL,NULL,NULL,'',1,'2022-11-13 21:54:53','2022-11-13 21:54:53'),(201,'Mur Uk. 17','K0017M00011120220018','standard','C128',557,41,12,12,12,'0','0','',5,NULL,NULL,NULL,NULL,NULL,NULL,1,'zummXD2dvAtI.png',NULL,NULL,NULL,NULL,NULL,NULL,NULL,NULL,NULL,NULL,'',1,'2022-11-13 21:54:53','2022-11-13 21:54:53'),(202,'Mur Uk. 10','K0017M00011120220018','standard','C128',557,41,12,12,12,'0','0','',5,NULL,NULL,NULL,NULL,NULL,NULL,1,'zummXD2dvAtI.png',NULL,NULL,NULL,NULL,NULL,NULL,NULL,NULL,NULL,NULL,'',1,'2022-11-13 21:54:53','2022-11-13 21:54:53'),(203,'Mur Gantungan dinding ','K0017M00011120220018','standard','C128',557,41,12,12,12,'0','6000','',5,NULL,NULL,NULL,NULL,NULL,NULL,1,'zummXD2dvAtI.png',NULL,NULL,NULL,NULL,NULL,NULL,NULL,NULL,NULL,NULL,'',1,'2022-11-13 21:54:53','2022-11-13 21:54:53'),(204,'Tap Screw JP 6x12','K0017M01171120220001','standard','C128',117,41,12,12,12,'0','2500','',5,NULL,NULL,NULL,NULL,NULL,NULL,1,'zummXD2dvAtI.png',NULL,NULL,NULL,NULL,NULL,NULL,NULL,NULL,NULL,NULL,'',1,'2022-11-13 21:54:53','2022-11-13 21:54:53'),(205,'Tap Screw JP 8x12','K0017M01171120220018','standard','C128',117,41,12,12,12,'0','3000','',5,NULL,NULL,NULL,NULL,NULL,NULL,1,'zummXD2dvAtI.png',NULL,NULL,NULL,NULL,NULL,NULL,NULL,NULL,NULL,NULL,'',1,'2022-11-13 21:54:53','2022-11-13 21:54:53'),(206,'Tap Screw JP 6x4','K0017M01171120220018','standard','C128',117,41,12,12,12,'0','500','',5,NULL,NULL,NULL,NULL,NULL,NULL,1,'zummXD2dvAtI.png',NULL,NULL,NULL,NULL,NULL,NULL,NULL,NULL,NULL,NULL,'',1,'2022-11-13 21:54:53','2022-11-13 21:54:53'),(207,'Tap Screw JP 6x2','K0017M00011120220018','standard','C128',557,41,12,12,12,'0','500','',5,NULL,NULL,NULL,NULL,NULL,NULL,1,'zummXD2dvAtI.png',NULL,NULL,NULL,NULL,NULL,NULL,NULL,NULL,NULL,NULL,'',1,'2022-11-13 21:54:53','2022-11-13 21:54:53'),(208,'Tap Screw JP 8x1/2','K0017M00011120220018','standard','C128',557,41,12,12,12,'0','3000','',5,NULL,NULL,NULL,NULL,NULL,NULL,1,'zummXD2dvAtI.png',NULL,NULL,NULL,NULL,NULL,NULL,NULL,NULL,NULL,NULL,'',1,'2022-11-13 21:54:53','2022-11-13 21:54:53'),(209,'Plastik Fisher S5','K0017M03741120220001','standard','C128',374,41,12,12,12,'0','0','',5,NULL,NULL,NULL,NULL,NULL,NULL,1,'zummXD2dvAtI.png',NULL,NULL,NULL,NULL,NULL,NULL,NULL,NULL,NULL,NULL,'',1,'2022-11-13 21:54:53','2022-11-13 21:54:53'),(210,'Plastik Fisher S6','K0017M03741120220018','standard','C128',374,41,12,12,12,'0','0','',5,NULL,NULL,NULL,NULL,NULL,NULL,1,'zummXD2dvAtI.png',NULL,NULL,NULL,NULL,NULL,NULL,NULL,NULL,NULL,NULL,'',1,'2022-11-13 21:54:53','2022-11-13 21:54:53'),(211,'Plastik Fisher S8','K0017M03741120220018','standard','C128',374,41,12,12,12,'0','0','',5,NULL,NULL,NULL,NULL,NULL,NULL,1,'zummXD2dvAtI.png',NULL,NULL,NULL,NULL,NULL,NULL,NULL,NULL,NULL,NULL,'',1,'2022-11-13 21:54:53','2022-11-13 21:54:53'),(212,'Plastik Fisher S10','K0017M03741120220018','standard','C128',374,41,12,12,12,'0','0','',5,NULL,NULL,NULL,NULL,NULL,NULL,1,'zummXD2dvAtI.png',NULL,NULL,NULL,NULL,NULL,NULL,NULL,NULL,NULL,NULL,'',1,'2022-11-13 21:54:53','2022-11-13 21:54:53'),(213,'Plastik Fisher S12','K0017M03741120220018','standard','C128',374,41,12,12,12,'0','0','',5,NULL,NULL,NULL,NULL,NULL,NULL,1,'zummXD2dvAtI.png',NULL,NULL,NULL,NULL,NULL,NULL,NULL,NULL,NULL,NULL,'',1,'2022-11-13 21:54:54','2022-11-13 21:54:54'),(214,'Ring baut Uk. 3/8mm','K0017M00011120220018','standard','C128',557,41,12,12,12,'500','1000','',5,NULL,NULL,NULL,NULL,NULL,NULL,1,'zummXD2dvAtI.png',NULL,NULL,NULL,NULL,NULL,NULL,NULL,NULL,NULL,NULL,'',1,'2022-11-13 21:54:54','2022-11-13 21:54:54'),(215,'Ring baut Uk. 1/2mm','K0017M00011120220018','standard','C128',557,41,12,12,12,'500','1000','',5,NULL,NULL,NULL,NULL,NULL,NULL,1,'zummXD2dvAtI.png',NULL,NULL,NULL,NULL,NULL,NULL,NULL,NULL,NULL,NULL,'',1,'2022-11-13 21:54:54','2022-11-13 21:54:54'),(216,'Driling Screw GP 10x16','K0017M00101120220018','standard','C128',10,41,12,12,12,'0','400','',5,NULL,NULL,NULL,NULL,NULL,NULL,1,'zummXD2dvAtI.png',NULL,NULL,NULL,NULL,NULL,NULL,NULL,NULL,NULL,NULL,'',1,'2022-11-13 21:54:54','2022-11-13 21:54:54'),(217,'Driling Screw GP 12x25','K0017M00101120220018','standard','C128',10,41,12,12,12,'0','500','',5,NULL,NULL,NULL,NULL,NULL,NULL,1,'zummXD2dvAtI.png',NULL,NULL,NULL,NULL,NULL,NULL,NULL,NULL,NULL,NULL,'',1,'2022-11-13 21:54:54','2022-11-13 21:54:54'),(218,'Driling Screw JP 12x30','K0017M00101120220018','standard','C128',10,41,12,12,12,'0','0','',5,NULL,NULL,NULL,NULL,NULL,NULL,1,'zummXD2dvAtI.png',NULL,NULL,NULL,NULL,NULL,NULL,NULL,NULL,NULL,NULL,'',1,'2022-11-13 21:54:54','2022-11-13 21:54:54'),(219,'Driling Screw GP 12# x 30(1 ?)\"?','K0017M00271120220001','standard','C128',27,41,12,12,12,'0','400','',5,NULL,NULL,NULL,NULL,NULL,NULL,1,'zummXD2dvAtI.png',NULL,NULL,NULL,NULL,NULL,NULL,NULL,NULL,NULL,NULL,'',1,'2022-11-13 21:54:54','2022-11-13 21:54:54'),(220,'Driling Screw GP 12# x 40(1 ?)\"?','K0017M00271120220018','standard','C128',27,41,12,12,12,'0','500','',5,NULL,NULL,NULL,NULL,NULL,NULL,1,'zummXD2dvAtI.png',NULL,NULL,NULL,NULL,NULL,NULL,NULL,NULL,NULL,NULL,'',1,'2022-11-13 21:54:54','2022-11-13 21:54:54'),(221,'Driling Screw','K0017M00991120220001','standard','C128',99,41,12,12,12,'0','0','',5,NULL,NULL,NULL,NULL,NULL,NULL,1,'zummXD2dvAtI.png',NULL,NULL,NULL,NULL,NULL,NULL,NULL,NULL,NULL,NULL,'',1,'2022-11-13 21:54:54','2022-11-13 21:54:54'),(222,'Driling Screw 1 1/2x8','K0017M04091120220001','standard','C128',407,41,12,12,12,'0','0','',5,NULL,NULL,NULL,NULL,NULL,NULL,1,'zummXD2dvAtI.png',NULL,NULL,NULL,NULL,NULL,NULL,NULL,NULL,NULL,NULL,'',1,'2022-11-13 21:54:54','2022-11-13 21:54:54'),(223,'Driling Screw GP 12x50mm','K0017M00011120220018','standard','C128',557,41,12,12,12,'0','600','',5,NULL,NULL,NULL,NULL,NULL,NULL,1,'zummXD2dvAtI.png',NULL,NULL,NULL,NULL,NULL,NULL,NULL,NULL,NULL,NULL,'',1,'2022-11-13 21:54:54','2022-11-13 21:54:54'),(224,'Driling Screw GP 12x75mm','K0017M00011120220018','standard','C128',557,41,12,12,12,'0','1250','',5,NULL,NULL,NULL,NULL,NULL,NULL,1,'zummXD2dvAtI.png',NULL,NULL,NULL,NULL,NULL,NULL,NULL,NULL,NULL,NULL,'',1,'2022-11-13 21:54:54','2022-11-13 21:54:54'),(225,'Driling Screw 12x40 Drat Kecil','K0017M02201120220001','standard','C128',220,41,12,12,12,'0','0','',5,NULL,NULL,NULL,NULL,NULL,NULL,1,'zummXD2dvAtI.png',NULL,NULL,NULL,NULL,NULL,NULL,NULL,NULL,NULL,NULL,'',1,'2022-11-13 21:54:54','2022-11-13 21:54:54'),(226,'Driling Screw 12x40 Drat Besar','K0017M02201120220018','standard','C128',220,41,12,12,12,'0','0','',5,NULL,NULL,NULL,NULL,NULL,NULL,1,'zummXD2dvAtI.png',NULL,NULL,NULL,NULL,NULL,NULL,NULL,NULL,NULL,NULL,'',1,'2022-11-13 21:54:54','2022-11-13 21:54:54'),(227,'Sekrup 7x3/4\"?','K0017M01001120220001','standard','C128',100,41,12,12,12,'0','0','',5,NULL,NULL,NULL,NULL,NULL,NULL,1,'zummXD2dvAtI.png',NULL,NULL,NULL,NULL,NULL,NULL,NULL,NULL,NULL,NULL,'',1,'2022-11-13 21:54:54','2022-11-13 21:54:54'),(228,'Sekrup Gypsum 6x1-1/2','K0017M01411120220001','standard','C128',141,41,12,12,12,'0','500','',5,NULL,NULL,NULL,NULL,NULL,NULL,1,'zummXD2dvAtI.png',NULL,NULL,NULL,NULL,NULL,NULL,NULL,NULL,NULL,NULL,'',1,'2022-11-13 21:54:54','2022-11-13 21:54:54'),(229,'Sekrup Gypsum 6x1','K00171120220018','standard','C128',558,41,12,12,12,'0','250','',5,NULL,NULL,NULL,NULL,NULL,NULL,1,'zummXD2dvAtI.png',NULL,NULL,NULL,NULL,NULL,NULL,NULL,NULL,NULL,NULL,'',1,'2022-11-13 21:54:55','2022-11-13 21:54:55'),(230,'Paku beton 3.0x30mm Hitam','K0009M01181120220001','standard','C128',118,33,32,32,32,'0','20000','',5,NULL,NULL,NULL,NULL,NULL,NULL,1,'zummXD2dvAtI.png',NULL,NULL,NULL,NULL,NULL,NULL,NULL,NULL,NULL,NULL,'',1,'2022-11-13 21:54:55','2022-11-13 21:54:55'),(231,'Paku beton 3.2x50mm Hitam','K0009M01181120220010','standard','C128',118,33,32,32,32,'0','1000','',5,NULL,NULL,NULL,NULL,NULL,NULL,1,'zummXD2dvAtI.png',NULL,NULL,NULL,NULL,NULL,NULL,NULL,NULL,NULL,NULL,'',1,'2022-11-13 21:54:55','2022-11-13 21:54:55'),(232,'Paku beton 3.5x40mm Hitam','K0009M01181120220010','standard','C128',118,33,32,32,32,'0','30000','',5,NULL,NULL,NULL,NULL,NULL,NULL,1,'zummXD2dvAtI.png',NULL,NULL,NULL,NULL,NULL,NULL,NULL,NULL,NULL,NULL,'',1,'2022-11-13 21:54:55','2022-11-13 21:54:55'),(233,'Paku beton 3.5x50mm Hitam','K0009M01181120220010','standard','C128',118,33,32,32,32,'0','1000','',5,NULL,NULL,NULL,NULL,NULL,NULL,1,'zummXD2dvAtI.png',NULL,NULL,NULL,NULL,NULL,NULL,NULL,NULL,NULL,NULL,'',1,'2022-11-13 21:54:55','2022-11-13 21:54:55'),(234,'Paku beton 3.5x60mm Hitam','K0009M01181120220010','standard','C128',118,33,32,32,32,'0','40000','',5,NULL,NULL,NULL,NULL,NULL,NULL,1,'zummXD2dvAtI.png',NULL,NULL,NULL,NULL,NULL,NULL,NULL,NULL,NULL,NULL,'',1,'2022-11-13 21:54:55','2022-11-13 21:54:55'),(235,'Paku beton 4.1x70mm Hitam','K0009M01181120220010','standard','C128',118,33,32,32,32,'0','1000','',5,NULL,NULL,NULL,NULL,NULL,NULL,1,'zummXD2dvAtI.png',NULL,NULL,NULL,NULL,NULL,NULL,NULL,NULL,NULL,NULL,'',1,'2022-11-13 21:54:55','2022-11-13 21:54:55'),(236,'Paku beton 1.25\"? putih','K0009M02151120220001','standard','C128',215,33,32,32,32,'0','20000','',5,NULL,NULL,NULL,NULL,NULL,NULL,1,'zummXD2dvAtI.png',NULL,NULL,NULL,NULL,NULL,NULL,NULL,NULL,NULL,NULL,'',1,'2022-11-13 21:54:55','2022-11-13 21:54:55'),(237,'Paku beton 1.5\"? putih','K0009M02151120220010','standard','C128',215,33,32,32,32,'0','20000','',5,NULL,NULL,NULL,NULL,NULL,NULL,1,'zummXD2dvAtI.png',NULL,NULL,NULL,NULL,NULL,NULL,NULL,NULL,NULL,NULL,'',1,'2022-11-13 21:54:55','2022-11-13 21:54:55'),(238,'Paku beton 2\"? putih','K0009M02151120220010','standard','C128',215,33,32,32,32,'0','20000','',5,NULL,NULL,NULL,NULL,NULL,NULL,1,'zummXD2dvAtI.png',NULL,NULL,NULL,NULL,NULL,NULL,NULL,NULL,NULL,NULL,'',1,'2022-11-13 21:54:55','2022-11-13 21:54:55'),(239,'Paku beton 3\"? putih','K0009M02151120220010','standard','C128',215,33,32,32,32,'0','0','',5,NULL,NULL,NULL,NULL,NULL,NULL,1,'zummXD2dvAtI.png',NULL,NULL,NULL,NULL,NULL,NULL,NULL,NULL,NULL,NULL,'',1,'2022-11-13 21:54:55','2022-11-13 21:54:55'),(240,'Paku beton 4\"? putih','K0009M02151120220010','standard','C128',215,33,32,32,32,'0','0','',5,NULL,NULL,NULL,NULL,NULL,NULL,1,'zummXD2dvAtI.png',NULL,NULL,NULL,NULL,NULL,NULL,NULL,NULL,NULL,NULL,'',1,'2022-11-13 21:54:55','2022-11-13 21:54:55'),(241,'Paku beton 4 putih\"','K0009M02611120220001','standard','C128',261,33,32,32,32,'0','0','',5,NULL,NULL,NULL,NULL,NULL,NULL,1,'zummXD2dvAtI.png',NULL,NULL,NULL,NULL,NULL,NULL,NULL,NULL,NULL,NULL,'',1,'2022-11-13 21:54:55','2022-11-13 21:54:55'),(242,'Paku beton 1?\"? putih','K0009M00151120220001','standard','C128',15,33,32,32,32,'0','20000','',5,NULL,NULL,NULL,NULL,NULL,NULL,1,'zummXD2dvAtI.png',NULL,NULL,NULL,NULL,NULL,NULL,NULL,NULL,NULL,NULL,'',1,'2022-11-13 21:54:55','2022-11-13 21:54:55'),(243,'Paku beton 1,5\"? putih','K0009M00151120220010','standard','C128',15,33,32,32,32,'0','20000','',5,NULL,NULL,NULL,NULL,NULL,NULL,1,'zummXD2dvAtI.png',NULL,NULL,NULL,NULL,NULL,NULL,NULL,NULL,NULL,NULL,'',1,'2022-11-13 21:54:55','2022-11-13 21:54:55'),(244,'Paku beton 2\"? putih','K0009M00151120220010','standard','C128',15,33,32,32,32,'0','20000','',5,NULL,NULL,NULL,NULL,NULL,NULL,1,'zummXD2dvAtI.png',NULL,NULL,NULL,NULL,NULL,NULL,NULL,NULL,NULL,NULL,'',1,'2022-11-13 21:54:55','2022-11-13 21:54:55'),(245,'Paku beton 3\"? putih','K0009M00151120220010','standard','C128',15,33,32,32,32,'0','0','',5,NULL,NULL,NULL,NULL,NULL,NULL,1,'zummXD2dvAtI.png',NULL,NULL,NULL,NULL,NULL,NULL,NULL,NULL,NULL,NULL,'',1,'2022-11-13 21:54:56','2022-11-13 21:54:56'),(246,'Paku beton 1\"? putih','K0009M00821120220001','standard','C128',82,33,32,32,32,'0','30000','',5,NULL,NULL,NULL,NULL,NULL,NULL,1,'zummXD2dvAtI.png',NULL,NULL,NULL,NULL,NULL,NULL,NULL,NULL,NULL,NULL,'',1,'2022-11-13 21:54:56','2022-11-13 21:54:56'),(247,'Paku segi 5cm','K0009M00011120220001','standard','C128',557,33,21,21,21,'0','3000','',5,NULL,NULL,NULL,NULL,NULL,NULL,1,'zummXD2dvAtI.png',NULL,NULL,NULL,NULL,NULL,NULL,NULL,NULL,NULL,NULL,'',1,'2022-11-13 21:54:56','2022-11-13 21:54:56'),(248,'Paku segi 4cm','K0009M00011120220010','standard','C128',557,33,21,21,21,'0','3000','',5,NULL,NULL,NULL,NULL,NULL,NULL,1,'zummXD2dvAtI.png',NULL,NULL,NULL,NULL,NULL,NULL,NULL,NULL,NULL,NULL,'',1,'2022-11-13 21:54:56','2022-11-13 21:54:56'),(249,'Paku segi 10cm','K0009M00011120220010','standard','C128',557,33,21,21,21,'0','3000','',5,NULL,NULL,NULL,NULL,NULL,NULL,1,'zummXD2dvAtI.png',NULL,NULL,NULL,NULL,NULL,NULL,NULL,NULL,NULL,NULL,'',1,'2022-11-13 21:54:56','2022-11-13 21:54:56'),(250,'Paku segi 12cm','K0009M00011120220010','standard','C128',557,33,21,21,21,'0','3000','',5,NULL,NULL,NULL,NULL,NULL,NULL,1,'zummXD2dvAtI.png',NULL,NULL,NULL,NULL,NULL,NULL,NULL,NULL,NULL,NULL,'',1,'2022-11-13 21:54:56','2022-11-13 21:54:56'),(251,'Paku GRC 33x2.8x7mm','K0009M01591120220001','standard','C128',159,33,32,32,32,'0','20000','',5,NULL,NULL,NULL,NULL,NULL,NULL,1,'zummXD2dvAtI.png',NULL,NULL,NULL,NULL,NULL,NULL,NULL,NULL,NULL,NULL,'',1,'2022-11-13 21:54:56','2022-11-13 21:54:56'),(252,'Paku Biasa 10cm','K0009M00011120220010','standard','C128',557,33,21,21,21,'0','2500','',5,NULL,NULL,NULL,NULL,NULL,NULL,1,'zummXD2dvAtI.png',NULL,NULL,NULL,NULL,NULL,NULL,NULL,NULL,NULL,NULL,'',1,'2022-11-13 21:54:56','2022-11-13 21:54:56'),(253,'Paku Biasa 12cm','K0009M00011120220010','standard','C128',557,33,21,21,21,'0','2500','',5,NULL,NULL,NULL,NULL,NULL,NULL,1,'zummXD2dvAtI.png',NULL,NULL,NULL,NULL,NULL,NULL,NULL,NULL,NULL,NULL,'',1,'2022-11-13 21:54:56','2022-11-13 21:54:56'),(254,'Paku Biasa 15cm','K0009M00011120220010','standard','C128',557,33,21,21,21,'0','2500','',5,NULL,NULL,NULL,NULL,NULL,NULL,1,'zummXD2dvAtI.png',NULL,NULL,NULL,NULL,NULL,NULL,NULL,NULL,NULL,NULL,'',1,'2022-11-13 21:54:56','2022-11-13 21:54:56'),(255,'Paku Biasa 2,5cm','K0009M00011120220010','standard','C128',557,33,21,21,21,'0','3000','',5,NULL,NULL,NULL,NULL,NULL,NULL,1,'zummXD2dvAtI.png',NULL,NULL,NULL,NULL,NULL,NULL,NULL,NULL,NULL,NULL,'',1,'2022-11-13 21:54:56','2022-11-13 21:54:56'),(256,'Paku Biasa 2cm','K0009M00011120220010','standard','C128',557,33,21,21,21,'0','3000','',5,NULL,NULL,NULL,NULL,NULL,NULL,1,'zummXD2dvAtI.png',NULL,NULL,NULL,NULL,NULL,NULL,NULL,NULL,NULL,NULL,'',1,'2022-11-13 21:54:56','2022-11-13 21:54:56'),(257,'Paku Biasa 3cm','K0009M00011120220010','standard','C128',557,33,21,21,21,'0','3000','',5,NULL,NULL,NULL,NULL,NULL,NULL,1,'zummXD2dvAtI.png',NULL,NULL,NULL,NULL,NULL,NULL,NULL,NULL,NULL,NULL,'',1,'2022-11-13 21:54:56','2022-11-13 21:54:56'),(258,'Paku Biasa 4cm','K0009M00011120220010','standard','C128',557,33,21,21,21,'0','3000','',5,NULL,NULL,NULL,NULL,NULL,NULL,1,'zummXD2dvAtI.png',NULL,NULL,NULL,NULL,NULL,NULL,NULL,NULL,NULL,NULL,'',1,'2022-11-13 21:54:56','2022-11-13 21:54:56'),(259,'Paku Biasa 5cm','K0009M00011120220010','standard','C128',557,33,21,21,21,'0','2500','',5,NULL,NULL,NULL,NULL,NULL,NULL,1,'zummXD2dvAtI.png',NULL,NULL,NULL,NULL,NULL,NULL,NULL,NULL,NULL,NULL,'',1,'2022-11-13 21:54:57','2022-11-13 21:54:57'),(260,'Paku Biasa 7cm','K0009M00011120220010','standard','C128',557,33,21,21,21,'0','2500','',5,NULL,NULL,NULL,NULL,NULL,NULL,1,'zummXD2dvAtI.png',NULL,NULL,NULL,NULL,NULL,NULL,NULL,NULL,NULL,NULL,'',1,'2022-11-13 21:54:57','2022-11-13 21:54:57'),(261,'Paku rivet ','K0009M00661120220001','standard','C128',66,33,12,12,12,'0','250','',5,NULL,NULL,NULL,NULL,NULL,NULL,1,'zummXD2dvAtI.png',NULL,NULL,NULL,NULL,NULL,NULL,NULL,NULL,NULL,NULL,'',1,'2022-11-13 21:54:57','2022-11-13 21:54:57'),(262,'Paku Seng ','K0009M00011120220010','standard','C128',557,33,21,21,21,'0','4000','',5,NULL,NULL,NULL,NULL,NULL,NULL,1,'zummXD2dvAtI.png',NULL,NULL,NULL,NULL,NULL,NULL,NULL,NULL,NULL,NULL,'',1,'2022-11-13 21:54:57','2022-11-13 21:54:57'),(263,'Paku tindis ','K0009M00751120220001','standard','C128',75,33,32,32,32,'0','4000','',5,NULL,NULL,NULL,NULL,NULL,NULL,1,'zummXD2dvAtI.png',NULL,NULL,NULL,NULL,NULL,NULL,NULL,NULL,NULL,NULL,'',1,'2022-11-13 21:54:57','2022-11-13 21:54:57'),(264,'Seng Gelombang  6 Ft Biasa','K0011M03651120220001','standard','C128',365,35,18,18,18,'0','58000','',5,NULL,NULL,NULL,NULL,NULL,NULL,1,'zummXD2dvAtI.png',NULL,NULL,NULL,NULL,NULL,NULL,NULL,NULL,NULL,NULL,'',1,'2022-11-13 21:54:57','2022-11-13 21:54:57'),(265,'Seng Gelombang  6 Ft Biru','K0011M03651120220012','standard','C128',365,35,18,18,18,'0','65000','',5,NULL,NULL,NULL,NULL,NULL,NULL,1,'zummXD2dvAtI.png',NULL,NULL,NULL,NULL,NULL,NULL,NULL,NULL,NULL,NULL,'',1,'2022-11-13 21:54:57','2022-11-13 21:54:57'),(266,'Seng Gelombang  6 Ft merah','K00111120220012','standard','C128',556,35,18,18,18,'0','0','',5,NULL,NULL,NULL,NULL,NULL,NULL,1,'zummXD2dvAtI.png',NULL,NULL,NULL,NULL,NULL,NULL,NULL,NULL,NULL,NULL,'',1,'2022-11-13 21:54:57','2022-11-13 21:54:57'),(267,'Seng Gelombang  7 Ft Biasa','K0011M03641120220001','standard','C128',364,35,18,18,18,'0','67000','',5,NULL,NULL,NULL,NULL,NULL,NULL,1,'zummXD2dvAtI.png',NULL,NULL,NULL,NULL,NULL,NULL,NULL,NULL,NULL,NULL,'',1,'2022-11-13 21:54:57','2022-11-13 21:54:57'),(268,'Seng Gelombang  7 Ft Biru','K0011M03651120220012','standard','C128',365,35,18,18,18,'0','75000','',5,NULL,NULL,NULL,NULL,NULL,NULL,1,'zummXD2dvAtI.png',NULL,NULL,NULL,NULL,NULL,NULL,NULL,NULL,NULL,NULL,'',1,'2022-11-13 21:54:57','2022-11-13 21:54:57'),(269,'Seng Gelombang  7 Ft merah','K00111120220012','standard','C128',556,35,18,18,18,'0','65000','',5,NULL,NULL,NULL,NULL,NULL,NULL,1,'zummXD2dvAtI.png',NULL,NULL,NULL,NULL,NULL,NULL,NULL,NULL,NULL,NULL,'',1,'2022-11-13 21:54:57','2022-11-13 21:54:57'),(270,'Seng Gelombang  8 Ft Biasa','K0011M03641120220012','standard','C128',364,35,18,18,18,'0','76000','',5,NULL,NULL,NULL,NULL,NULL,NULL,1,'zummXD2dvAtI.png',NULL,NULL,NULL,NULL,NULL,NULL,NULL,NULL,NULL,NULL,'',1,'2022-11-13 21:54:57','2022-11-13 21:54:57'),(271,'Seng Gelombang  8 Ft Biru','K0011M03651120220012','standard','C128',365,35,18,18,18,'0','0','',5,NULL,NULL,NULL,NULL,NULL,NULL,1,'zummXD2dvAtI.png',NULL,NULL,NULL,NULL,NULL,NULL,NULL,NULL,NULL,NULL,'',1,'2022-11-13 21:54:57','2022-11-13 21:54:57'),(272,'Seng Plastik  6 Ft Bening','K0011M00011120220001','standard','C128',557,35,18,18,18,'0','65000','',5,NULL,NULL,NULL,NULL,NULL,NULL,1,'zummXD2dvAtI.png',NULL,NULL,NULL,NULL,NULL,NULL,NULL,NULL,NULL,NULL,'',1,'2022-11-13 21:54:57','2022-11-13 21:54:57'),(273,'Seng Plastik  6 Ft Biru','K0011M00011120220012','standard','C128',557,35,18,18,18,'0','118000','',5,NULL,NULL,NULL,NULL,NULL,NULL,1,'zummXD2dvAtI.png',NULL,NULL,NULL,NULL,NULL,NULL,NULL,NULL,NULL,NULL,'',1,'2022-11-13 21:54:57','2022-11-13 21:54:57'),(274,'Seng Plastik  7 Ft Bening','K0011M00011120220012','standard','C128',557,35,18,18,18,'0','75000','',5,NULL,NULL,NULL,NULL,NULL,NULL,1,'zummXD2dvAtI.png',NULL,NULL,NULL,NULL,NULL,NULL,NULL,NULL,NULL,NULL,'',1,'2022-11-13 21:54:57','2022-11-13 21:54:57'),(275,'Seng Plastik  7 Ft Biru','K0011M00011120220012','standard','C128',557,35,18,18,18,'0','138000','',5,NULL,NULL,NULL,NULL,NULL,NULL,1,'zummXD2dvAtI.png',NULL,NULL,NULL,NULL,NULL,NULL,NULL,NULL,NULL,NULL,'',1,'2022-11-13 21:54:57','2022-11-13 21:54:57'),(276,'Seng Plat Biru 0,25x45cm','K0011M00011120220012','standard','C128',557,35,24,24,24,'0','28000','',5,NULL,NULL,NULL,NULL,NULL,NULL,1,'zummXD2dvAtI.png',NULL,NULL,NULL,NULL,NULL,NULL,NULL,NULL,NULL,NULL,'',1,'2022-11-13 21:54:57','2022-11-13 21:54:57'),(277,'Seng Plat  Merah','K0011M00011120220012','standard','C128',557,35,24,24,24,'0','28000','',5,NULL,NULL,NULL,NULL,NULL,NULL,1,'zummXD2dvAtI.png',NULL,NULL,NULL,NULL,NULL,NULL,NULL,NULL,NULL,NULL,'',1,'2022-11-13 21:54:57','2022-11-13 21:54:58'),(278,'Seng talang 0,2x30','K0011M00011120220012','standard','C128',557,35,23,23,23,'0','550000','',5,NULL,NULL,NULL,NULL,NULL,NULL,1,'zummXD2dvAtI.png',NULL,NULL,NULL,NULL,NULL,NULL,NULL,NULL,NULL,NULL,'',1,'2022-11-13 21:54:58','2022-11-13 21:54:58'),(279,'Seng talang 0,2x30x58 Mtr','K0011M00011120220012','standard','C128',557,35,24,24,24,'0','13000','',5,NULL,NULL,NULL,NULL,NULL,NULL,1,'zummXD2dvAtI.png',NULL,NULL,NULL,NULL,NULL,NULL,NULL,NULL,NULL,NULL,'',1,'2022-11-13 21:54:58','2022-11-13 21:54:58'),(280,'Seng talang 0,2x45x50 Mtr','K0011M00011120220012','standard','C128',557,35,24,24,24,'0','22000','',5,NULL,NULL,NULL,NULL,NULL,NULL,1,'zummXD2dvAtI.png',NULL,NULL,NULL,NULL,NULL,NULL,NULL,NULL,NULL,NULL,'',1,'2022-11-13 21:54:58','2022-11-13 21:54:58'),(281,'Seng talang 0,2x60x50 Mtr','K0011M00011120220012','standard','C128',557,35,24,24,24,'0','30000','',5,NULL,NULL,NULL,NULL,NULL,NULL,1,'zummXD2dvAtI.png',NULL,NULL,NULL,NULL,NULL,NULL,NULL,NULL,NULL,NULL,'',1,'2022-11-13 21:54:58','2022-11-13 21:54:58'),(282,'Seng talang 0,2x90x58 Mtr','K0011M00011120220012','standard','C128',557,35,24,24,24,'0','55000','',5,NULL,NULL,NULL,NULL,NULL,NULL,1,'zummXD2dvAtI.png',NULL,NULL,NULL,NULL,NULL,NULL,NULL,NULL,NULL,NULL,'',1,'2022-11-13 21:54:58','2022-11-13 21:54:58'),(283,'Papan GRC 3,5mm','K0012M00011120220001','standard','C128',557,36,18,18,18,'0','85000','',5,NULL,NULL,NULL,NULL,NULL,NULL,1,'zummXD2dvAtI.png',NULL,NULL,NULL,NULL,NULL,NULL,NULL,NULL,NULL,NULL,'',1,'2022-11-13 21:54:58','2022-11-13 21:54:58'),(284,'Papan GRC 8mm','K0012M00011120220013','standard','C128',557,36,18,18,18,'0','0','',5,NULL,NULL,NULL,NULL,NULL,NULL,1,'zummXD2dvAtI.png',NULL,NULL,NULL,NULL,NULL,NULL,NULL,NULL,NULL,NULL,'',1,'2022-11-13 21:54:58','2022-11-13 21:54:58'),(285,'Tripleks 3 mm Sengon','K0012M00011120220013','standard','C128',557,36,18,18,18,'0','60000','',5,NULL,NULL,NULL,NULL,NULL,NULL,1,'zummXD2dvAtI.png',NULL,NULL,NULL,NULL,NULL,NULL,NULL,NULL,NULL,NULL,'',1,'2022-11-13 21:54:58','2022-11-13 21:54:58'),(286,'Tripleks 4 mm Sengon','K0012M00011120220013','standard','C128',557,36,18,18,18,'0','75000','',5,NULL,NULL,NULL,NULL,NULL,NULL,1,'zummXD2dvAtI.png',NULL,NULL,NULL,NULL,NULL,NULL,NULL,NULL,NULL,NULL,'',1,'2022-11-13 21:54:58','2022-11-13 21:54:58'),(287,'Tripleks 6 mm Sengon','K0012M00011120220013','standard','C128',557,36,18,18,18,'0','90000','',5,NULL,NULL,NULL,NULL,NULL,NULL,1,'zummXD2dvAtI.png',NULL,NULL,NULL,NULL,NULL,NULL,NULL,NULL,NULL,NULL,'',1,'2022-11-13 21:54:58','2022-11-13 21:54:58'),(288,'Tripleks 8 mm Sengon','K0012M00011120220013','standard','C128',557,36,18,18,18,'0','105000','',5,NULL,NULL,NULL,NULL,NULL,NULL,1,'zummXD2dvAtI.png',NULL,NULL,NULL,NULL,NULL,NULL,NULL,NULL,NULL,NULL,'',1,'2022-11-13 21:54:58','2022-11-13 21:54:58'),(289,'Tripleks 9 mm Sengon','K0012M00011120220013','standard','C128',557,36,18,18,18,'0','135000','',5,NULL,NULL,NULL,NULL,NULL,NULL,1,'zummXD2dvAtI.png',NULL,NULL,NULL,NULL,NULL,NULL,NULL,NULL,NULL,NULL,'',1,'2022-11-13 21:54:58','2022-11-13 21:54:58'),(290,'Tripleks 12 mm Sengon','K0012M00011120220013','standard','C128',557,36,18,18,18,'0','195000','',5,NULL,NULL,NULL,NULL,NULL,NULL,1,'zummXD2dvAtI.png',NULL,NULL,NULL,NULL,NULL,NULL,NULL,NULL,NULL,NULL,'',1,'2022-11-13 21:54:58','2022-11-13 21:54:58'),(291,'Tripleks 15 mm Sengon','K0012M00011120220013','standard','C128',557,36,18,18,18,'0','245000','',5,NULL,NULL,NULL,NULL,NULL,NULL,1,'zummXD2dvAtI.png',NULL,NULL,NULL,NULL,NULL,NULL,NULL,NULL,NULL,NULL,'',1,'2022-11-13 21:54:58','2022-11-13 21:54:58'),(292,'Tripleks 18 mm Sengon','K0012M00011120220013','standard','C128',557,36,18,18,18,'0','310000','',5,NULL,NULL,NULL,NULL,NULL,NULL,1,'zummXD2dvAtI.png',NULL,NULL,NULL,NULL,NULL,NULL,NULL,NULL,NULL,NULL,'',1,'2022-11-13 21:54:58','2022-11-13 21:54:58'),(293,'Tripleks melamin Putih','K0012M00011120220013','standard','C128',557,36,18,18,18,'0','125000','',5,NULL,NULL,NULL,NULL,NULL,NULL,1,'zummXD2dvAtI.png',NULL,NULL,NULL,NULL,NULL,NULL,NULL,NULL,NULL,NULL,'',1,'2022-11-13 21:54:58','2022-11-13 21:54:58'),(294,'Tripleks melamin Biru','K0012M00011120220013','standard','C128',557,36,18,18,18,'0','125000','',5,NULL,NULL,NULL,NULL,NULL,NULL,1,'zummXD2dvAtI.png',NULL,NULL,NULL,NULL,NULL,NULL,NULL,NULL,NULL,NULL,'',1,'2022-11-13 21:54:59','2022-11-13 21:54:59'),(295,'Amplas BO3700','K0008M00211120220001','standard','C128',21,32,33,33,33,'0','1025000','',5,NULL,NULL,NULL,NULL,NULL,NULL,1,'zummXD2dvAtI.png',NULL,NULL,NULL,NULL,NULL,NULL,NULL,NULL,NULL,NULL,'',1,'2022-11-13 21:54:59','2022-11-13 21:54:59'),(296,'Amplas bulat 125mm(5\"?) MT 924','K0008M01991120220001','standard','C128',199,32,33,33,33,'0','1150000','',5,NULL,NULL,NULL,NULL,NULL,NULL,1,'zummXD2dvAtI.png',NULL,NULL,NULL,NULL,NULL,NULL,NULL,NULL,NULL,NULL,'',1,'2022-11-13 21:54:59','2022-11-13 21:54:59'),(297,'Amplas segi MT 923','K0008M01991120220009','standard','C128',199,32,33,33,33,'0','900000','',5,NULL,NULL,NULL,NULL,NULL,NULL,1,'zummXD2dvAtI.png',NULL,NULL,NULL,NULL,NULL,NULL,NULL,NULL,NULL,NULL,'',1,'2022-11-13 21:54:59','2022-11-13 21:54:59'),(298,'Angker 958697E','K0008M02001120220001','standard','C128',200,32,33,33,33,'0','150000','',5,NULL,NULL,NULL,NULL,NULL,NULL,1,'zummXD2dvAtI.png',NULL,NULL,NULL,NULL,NULL,NULL,NULL,NULL,NULL,NULL,'',1,'2022-11-13 21:54:59','2022-11-13 21:54:59'),(299,'Angker P20SB','K0008M02001120220009','standard','C128',200,32,33,33,33,'0','295000','',5,NULL,NULL,NULL,NULL,NULL,NULL,1,'zummXD2dvAtI.png',NULL,NULL,NULL,NULL,NULL,NULL,NULL,NULL,NULL,NULL,'',1,'2022-11-13 21:54:59','2022-11-13 21:54:59'),(300,'Angker MT 850','K0008M00211120220009','standard','C128',21,32,33,33,33,'0','0','',5,NULL,NULL,NULL,NULL,NULL,NULL,1,'zummXD2dvAtI.png',NULL,NULL,NULL,NULL,NULL,NULL,NULL,NULL,NULL,NULL,'',1,'2022-11-13 21:54:59','2022-11-13 21:54:59'),(301,'Angker M-3829','K0008M02011120220001','standard','C128',201,32,33,33,33,'0','0','',5,NULL,NULL,NULL,NULL,NULL,NULL,1,'zummXD2dvAtI.png',NULL,NULL,NULL,NULL,NULL,NULL,NULL,NULL,NULL,NULL,'',1,'2022-11-13 21:54:59','2022-11-13 21:54:59'),(302,'Automatic pompa air ','K0008M00741120220001','standard','C128',74,32,33,33,33,'0','150000','',5,NULL,NULL,NULL,NULL,NULL,NULL,1,'zummXD2dvAtI.png',NULL,NULL,NULL,NULL,NULL,NULL,NULL,NULL,NULL,NULL,'',1,'2022-11-13 21:54:59','2022-11-13 21:54:59'),(303,'Babat rumput cas ','K0008M02041120220001','standar','C128',204,32,33,33,33,'0','950000','',5,NULL,NULL,NULL,NULL,NULL,NULL,1,'zummXD2dvAtI.png',NULL,NULL,NULL,NULL,NULL,NULL,NULL,NULL,NULL,NULL,'',1,'2022-11-13 22:05:42','2022-11-13 22:05:42'),(304,'Bor D10VST','K0008M02001120220009','standar','C128',200,32,33,33,33,'0','485000','',5,NULL,NULL,NULL,NULL,NULL,NULL,1,'zummXD2dvAtI.png',NULL,NULL,NULL,NULL,NULL,NULL,NULL,NULL,NULL,NULL,'',1,'2022-11-13 22:05:42','2022-11-13 22:05:42'),(305,'Bor M-2150','K0008M02011120220009','standar','C128',201,32,33,33,33,'0','395000','',5,NULL,NULL,NULL,NULL,NULL,NULL,1,'zummXD2dvAtI.png',NULL,NULL,NULL,NULL,NULL,NULL,NULL,NULL,NULL,NULL,'',1,'2022-11-13 22:05:42','2022-11-13 22:05:42'),(306,'Bor D104','K0008M00221120220001','standar','C128',22,32,33,33,33,'0','0','',5,NULL,NULL,NULL,NULL,NULL,NULL,1,'zummXD2dvAtI.png',NULL,NULL,NULL,NULL,NULL,NULL,NULL,NULL,NULL,NULL,'',1,'2022-11-13 22:05:42','2022-11-13 22:05:42'),(307,'Bor CD12A-12V','K0008M02111120220001','standar','C128',211,32,33,33,33,'0','575000','',5,NULL,NULL,NULL,NULL,NULL,NULL,1,'zummXD2dvAtI.png',NULL,NULL,NULL,NULL,NULL,NULL,NULL,NULL,NULL,NULL,'',1,'2022-11-13 22:05:42','2022-11-13 22:05:42'),(308,'Bor  ','K0008M00211120220009','standar','C128',21,32,33,33,33,'0','1050000','',5,NULL,NULL,NULL,NULL,NULL,NULL,1,'zummXD2dvAtI.png',NULL,NULL,NULL,NULL,NULL,NULL,NULL,NULL,NULL,NULL,'',1,'2022-11-13 22:05:42','2022-11-13 22:05:42'),(309,'Bor  D131','K0008M00221120220009','standar','C128',22,32,33,33,33,'0','0','',5,NULL,NULL,NULL,NULL,NULL,NULL,1,'zummXD2dvAtI.png',NULL,NULL,NULL,NULL,NULL,NULL,NULL,NULL,NULL,NULL,'',1,'2022-11-13 22:05:43','2022-11-13 22:05:43'),(310,'Bor 10mm fd  105B','K0008M02001120220009','standar','C128',200,32,33,33,33,'0','410000','',5,NULL,NULL,NULL,NULL,NULL,NULL,1,'zummXD2dvAtI.png',NULL,NULL,NULL,NULL,NULL,NULL,NULL,NULL,NULL,NULL,'',1,'2022-11-13 22:05:43','2022-11-13 22:05:43'),(311,'Bor 10mm GBM 350','K0008M02021120220001','standar','C128',202,32,33,33,33,'0','550000','',5,NULL,NULL,NULL,NULL,NULL,NULL,1,'zummXD2dvAtI.png',NULL,NULL,NULL,NULL,NULL,NULL,NULL,NULL,NULL,NULL,'',1,'2022-11-13 22:05:43','2022-11-13 22:05:43'),(312,'Bor 10mm KR 60','K0008M02051120220001','standar','C128',205,32,33,33,33,'0','225000','',5,NULL,NULL,NULL,NULL,NULL,NULL,1,'zummXD2dvAtI.png',NULL,NULL,NULL,NULL,NULL,NULL,NULL,NULL,NULL,NULL,'',1,'2022-11-13 22:05:43','2022-11-13 22:05:43'),(313,'Bor 10mm 13/13 6411','K0008M00211120220009','standar','C128',21,32,33,33,33,'0','685000','',5,NULL,NULL,NULL,NULL,NULL,NULL,1,'zummXD2dvAtI.png',NULL,NULL,NULL,NULL,NULL,NULL,NULL,NULL,NULL,NULL,'',1,'2022-11-13 22:05:43','2022-11-13 22:05:43'),(314,'Bor 10mm(3/8\"?) MT 60','K0008M01991120220009','standar','C128',199,32,33,33,33,'0','450000','',5,NULL,NULL,NULL,NULL,NULL,NULL,1,'zummXD2dvAtI.png',NULL,NULL,NULL,NULL,NULL,NULL,NULL,NULL,NULL,NULL,'',1,'2022-11-13 22:05:43','2022-11-13 22:05:43'),(315,'Bor 10mmB/B MT 653','K0008M01991120220009','standar','C128',199,32,33,33,33,'0','650000','',5,NULL,NULL,NULL,NULL,NULL,NULL,1,'zummXD2dvAtI.png',NULL,NULL,NULL,NULL,NULL,NULL,NULL,NULL,NULL,NULL,'',1,'2022-11-13 22:05:43','2022-11-13 22:05:43'),(316,'Bor 13mm MT 817','K0008M01991120220009','standar','C128',199,32,33,33,33,'0','850000','',5,NULL,NULL,NULL,NULL,NULL,NULL,1,'zummXD2dvAtI.png',NULL,NULL,NULL,NULL,NULL,NULL,NULL,NULL,NULL,NULL,'',1,'2022-11-13 22:05:43','2022-11-13 22:05:43'),(317,'Bor 13mm DV13VSS','K0008M02001120220009','standar','C128',200,32,33,33,33,'0','550000','',5,NULL,NULL,NULL,NULL,NULL,NULL,1,'zummXD2dvAtI.png',NULL,NULL,NULL,NULL,NULL,NULL,NULL,NULL,NULL,NULL,'',1,'2022-11-13 22:05:43','2022-11-13 22:05:43'),(318,'Bor 13mm  MT 80B','K0008M01991120220009','standar','C128',199,32,33,33,33,'0','650000','',5,NULL,NULL,NULL,NULL,NULL,NULL,1,'zummXD2dvAtI.png',NULL,NULL,NULL,NULL,NULL,NULL,NULL,NULL,NULL,NULL,'',1,'2022-11-13 22:05:43','2022-11-13 22:05:43'),(319,'Bor koper 13mm 22mm(7/8\"?) MT 870','K0008M01991120220009','standar','C128',199,32,33,33,33,'0','1675000','',5,NULL,NULL,NULL,NULL,NULL,NULL,1,'zummXD2dvAtI.png',NULL,NULL,NULL,NULL,NULL,NULL,NULL,NULL,NULL,NULL,'',1,'2022-11-13 22:05:43','2022-11-13 22:05:43'),(320,'Bor 16mm MP.1630','K0008M00211120220009','standar','C128',21,32,33,33,33,'0','1100000','',5,NULL,NULL,NULL,NULL,NULL,NULL,1,'zummXD2dvAtI.png',NULL,NULL,NULL,NULL,NULL,NULL,NULL,NULL,NULL,NULL,'',1,'2022-11-13 22:05:43','2022-11-13 22:05:43'),(321,'Bor Koper 17mm MT 860','K0008M01991120220009','standar','C128',199,32,33,33,33,'0','3150000','',5,NULL,NULL,NULL,NULL,NULL,NULL,1,'zummXD2dvAtI.png',NULL,NULL,NULL,NULL,NULL,NULL,NULL,NULL,NULL,NULL,'',1,'2022-11-13 22:05:44','2022-11-13 22:05:44'),(322,'Bor cas 10mm F12V','K0008M02041120220009','standar','C128',204,32,33,33,33,'0','775000','',5,NULL,NULL,NULL,NULL,NULL,NULL,1,'zummXD2dvAtI.png',NULL,NULL,NULL,NULL,NULL,NULL,NULL,NULL,NULL,NULL,'',1,'2022-11-13 22:05:44','2022-11-13 22:05:44'),(323,'Bor koper 26mm(1\"?) mt 871','K0008M01991120220009','standar','C128',199,32,33,33,33,'0','1850000','',5,NULL,NULL,NULL,NULL,NULL,NULL,1,'zummXD2dvAtI.png',NULL,NULL,NULL,NULL,NULL,NULL,NULL,NULL,NULL,NULL,'',1,'2022-11-13 22:05:44','2022-11-13 22:05:44'),(324,'Compresor 1 HP CM 8112','K0008M03681120220001','standar','C128',368,32,33,33,33,'0','1500000','',5,NULL,NULL,NULL,NULL,NULL,NULL,1,'zummXD2dvAtI.png',NULL,NULL,NULL,NULL,NULL,NULL,NULL,NULL,NULL,NULL,'',1,'2022-11-13 22:05:44','2022-11-13 22:05:44'),(325,'Compresor 2 HP CM 8224','K00081120220009','standar','C128',368,32,33,33,33,'0','2300000','',5,NULL,NULL,NULL,NULL,NULL,NULL,1,'zummXD2dvAtI.png',NULL,NULL,NULL,NULL,NULL,NULL,NULL,NULL,NULL,NULL,'',1,'2022-11-13 22:05:44','2022-11-13 22:05:44'),(326,'Control Box Pompa 2 0.5HP KH2.5SD1.5/38C30\"','K0008M02131120220001','standar','C128',213,32,33,33,33,'0','0','',5,NULL,NULL,NULL,NULL,NULL,NULL,1,'zummXD2dvAtI.png',NULL,NULL,NULL,NULL,NULL,NULL,NULL,NULL,NULL,NULL,'',1,'2022-11-13 22:05:44','2022-11-13 22:05:44'),(327,'Control Box Pompa 2.5 0.33HP KH2.5SD1.5/17C40\"','K0008M02131120220009','standar','C128',213,32,33,33,33,'0','0','',5,NULL,NULL,NULL,NULL,NULL,NULL,1,'zummXD2dvAtI.png',NULL,NULL,NULL,NULL,NULL,NULL,NULL,NULL,NULL,NULL,'',1,'2022-11-13 22:05:44','2022-11-13 22:05:44'),(328,'Genzet 2500 RR','K0008M03581120220001','standar','C128',358,32,33,33,33,'0','2500000','',5,NULL,NULL,NULL,NULL,NULL,NULL,1,'zummXD2dvAtI.png',NULL,NULL,NULL,NULL,NULL,NULL,NULL,NULL,NULL,NULL,'',1,'2022-11-13 22:05:44','2022-11-13 22:05:44'),(329,'Genzet 3300 RR','K0008M03581120220009','standar','C128',358,32,33,33,33,'0','4000000','',5,NULL,NULL,NULL,NULL,NULL,NULL,1,'zummXD2dvAtI.png',NULL,NULL,NULL,NULL,NULL,NULL,NULL,NULL,NULL,NULL,'',1,'2022-11-13 22:05:44','2022-11-13 22:05:44'),(330,'Gergaji lurus/jigsaw MT 431','K0008M01991120220009','standar','C128',199,32,33,33,33,'0','1075000','',5,NULL,NULL,NULL,NULL,NULL,NULL,1,'zummXD2dvAtI.png',NULL,NULL,NULL,NULL,NULL,NULL,NULL,NULL,NULL,NULL,'',1,'2022-11-13 22:05:44','2022-11-13 22:05:44'),(331,'Gergaji/jigsaw 4327M','K0008M00211120220009','standar','C128',21,32,33,33,33,'0','1075000','',5,NULL,NULL,NULL,NULL,NULL,NULL,1,'zummXD2dvAtI.png',NULL,NULL,NULL,NULL,NULL,NULL,NULL,NULL,NULL,NULL,'',1,'2022-11-13 22:05:44','2022-11-13 22:05:44'),(332,'Gurinda GA7020','K0008M00211120220009','standar','C128',21,32,33,33,33,'0','2300000','',5,NULL,NULL,NULL,NULL,NULL,NULL,1,'zummXD2dvAtI.png',NULL,NULL,NULL,NULL,NULL,NULL,NULL,NULL,NULL,NULL,'',1,'2022-11-13 22:05:44','2022-11-13 22:05:44'),(333,'Gurinda SIM 100B','K0008M02011120220009','standar','C128',201,32,33,33,33,'0','350000','',5,NULL,NULL,NULL,NULL,NULL,NULL,1,'zummXD2dvAtI.png',NULL,NULL,NULL,NULL,NULL,NULL,NULL,NULL,NULL,NULL,'',1,'2022-11-13 22:05:44','2022-11-13 22:05:44'),(334,'Gurinda GWS 5-100','K0008M02021120220009','standar','C128',202,32,33,33,33,'0','485000','',5,NULL,NULL,NULL,NULL,NULL,NULL,1,'zummXD2dvAtI.png',NULL,NULL,NULL,NULL,NULL,NULL,NULL,NULL,NULL,NULL,'',1,'2022-11-13 22:05:44','2022-11-13 22:05:44'),(335,'Gurinda GWS 060','K0008M02021120220009','standar','C128',202,32,33,33,33,'0','485000','',5,NULL,NULL,NULL,NULL,NULL,NULL,1,'zummXD2dvAtI.png',NULL,NULL,NULL,NULL,NULL,NULL,NULL,NULL,NULL,NULL,'',1,'2022-11-13 22:05:44','2022-11-13 22:05:44'),(336,'Gurinda NSG954','K0008M02121120220001','standar','C128',212,32,33,33,33,'0','310000','',5,NULL,NULL,NULL,NULL,NULL,NULL,1,'zummXD2dvAtI.png',NULL,NULL,NULL,NULL,NULL,NULL,NULL,NULL,NULL,NULL,'',1,'2022-11-13 22:05:44','2022-11-13 22:05:44'),(337,'Gurinda  ','K0008M02101120220001','standar','C128',210,32,33,33,33,'0','390000','',5,NULL,NULL,NULL,NULL,NULL,NULL,1,'zummXD2dvAtI.png',NULL,NULL,NULL,NULL,NULL,NULL,NULL,NULL,NULL,NULL,'',1,'2022-11-13 22:05:45','2022-11-13 22:05:45'),(338,'Gurinda 100mm GA4030','K0008M00211120220009','standar','C128',21,32,33,33,33,'0','850000','',5,NULL,NULL,NULL,NULL,NULL,NULL,1,'zummXD2dvAtI.png',NULL,NULL,NULL,NULL,NULL,NULL,NULL,NULL,NULL,NULL,'',1,'2022-11-13 22:05:45','2022-11-13 22:05:45'),(339,'Gurinda 100mm 9553B','K0008M00211120220009','standar','C128',21,32,33,33,33,'0','790000','',5,NULL,NULL,NULL,NULL,NULL,NULL,1,'zummXD2dvAtI.png',NULL,NULL,NULL,NULL,NULL,NULL,NULL,NULL,NULL,NULL,'',1,'2022-11-13 22:05:45','2022-11-13 22:05:45'),(340,'Gurinda 100mm G10SS','K0008M02001120220009','standar','C128',200,32,33,33,33,'0','450000','',5,NULL,NULL,NULL,NULL,NULL,NULL,1,'zummXD2dvAtI.png',NULL,NULL,NULL,NULL,NULL,NULL,NULL,NULL,NULL,NULL,'',1,'2022-11-13 22:05:45','2022-11-13 22:05:45'),(341,'Gurinda 100mm TG 830200','K0008M02041120220009','standar','C128',204,32,33,33,33,'0','400000','',5,NULL,NULL,NULL,NULL,NULL,NULL,1,'zummXD2dvAtI.png',NULL,NULL,NULL,NULL,NULL,NULL,NULL,NULL,NULL,NULL,'',1,'2022-11-13 22:05:45','2022-11-13 22:05:45'),(342,'Gurinda 125-150mm GA5020','K0008M00211120220009','standar','C128',21,32,33,33,33,'0','1850000','',5,NULL,NULL,NULL,NULL,NULL,NULL,1,'zummXD2dvAtI.png',NULL,NULL,NULL,NULL,NULL,NULL,NULL,NULL,NULL,NULL,'',1,'2022-11-13 22:05:45','2022-11-13 22:05:45'),(343,'Gurinda 150mm  6020','K0008M00211120220009','standar','C128',21,32,33,33,33,'0','1750000','',5,NULL,NULL,NULL,NULL,NULL,NULL,1,'zummXD2dvAtI.png',NULL,NULL,NULL,NULL,NULL,NULL,NULL,NULL,NULL,NULL,'',1,'2022-11-13 22:05:45','2022-11-13 22:05:45'),(344,'Gurinda 4\"? TG 8100 CE','K0008M02041120220009','standar','C128',204,32,33,33,33,'0','775000','',5,NULL,NULL,NULL,NULL,NULL,NULL,1,'zummXD2dvAtI.png',NULL,NULL,NULL,NULL,NULL,NULL,NULL,NULL,NULL,NULL,'',1,'2022-11-13 22:05:45','2022-11-13 22:05:45'),(345,'Gurinda bawah 100mm MT 91A','K0008M01991120220009','standar','C128',199,32,33,33,33,'0','500000','',5,NULL,NULL,NULL,NULL,NULL,NULL,1,'zummXD2dvAtI.png',NULL,NULL,NULL,NULL,NULL,NULL,NULL,NULL,NULL,NULL,'',1,'2022-11-13 22:05:45','2022-11-13 22:05:45'),(346,'Gurinda bawah 180mm MT 92A','K0008M01991120220009','standar','C128',199,32,33,33,33,'0','1150000','',5,NULL,NULL,NULL,NULL,NULL,NULL,1,'zummXD2dvAtI.png',NULL,NULL,NULL,NULL,NULL,NULL,NULL,NULL,NULL,NULL,'',1,'2022-11-13 22:05:45','2022-11-13 22:05:45'),(347,'Gurinda samping 100mm MT 90','K0008M01991120220009','standar','C128',199,32,33,33,33,'0','450000','',5,NULL,NULL,NULL,NULL,NULL,NULL,1,'zummXD2dvAtI.png',NULL,NULL,NULL,NULL,NULL,NULL,NULL,NULL,NULL,NULL,'',1,'2022-11-13 22:05:45','2022-11-13 22:05:45'),(348,'Heat Gun HG 6003','K0008M00211120220009','standar','C128',21,32,33,33,33,'0','900000','',5,NULL,NULL,NULL,NULL,NULL,NULL,1,'zummXD2dvAtI.png',NULL,NULL,NULL,NULL,NULL,NULL,NULL,NULL,NULL,NULL,'',1,'2022-11-13 22:05:45','2022-11-13 22:05:45'),(349,'Heat Gun HG 6530','K0008M00211120220009','standar','C128',21,32,33,33,33,'0','1950000','',5,NULL,NULL,NULL,NULL,NULL,NULL,1,'zummXD2dvAtI.png',NULL,NULL,NULL,NULL,NULL,NULL,NULL,NULL,NULL,NULL,'',1,'2022-11-13 22:05:45','2022-11-13 22:05:45'),(350,'Kondenstor senso steal ','K0008M01351120220001','standar','C128',135,32,33,33,33,'0','0','',5,NULL,NULL,NULL,NULL,NULL,NULL,1,'zummXD2dvAtI.png',NULL,NULL,NULL,NULL,NULL,NULL,NULL,NULL,NULL,NULL,'',1,'2022-11-13 22:05:45','2022-11-13 22:05:45'),(351,'Lampu Holder ','K00081120220009','standar','C128',135,32,33,33,33,'0','0','',5,NULL,NULL,NULL,NULL,NULL,NULL,1,'zummXD2dvAtI.png',NULL,NULL,NULL,NULL,NULL,NULL,NULL,NULL,NULL,NULL,'',1,'2022-11-13 22:05:45','2022-11-13 22:05:45'),(352,'Las 160 Amper 900W','K0008M03561120220001','standar','C128',356,32,33,33,33,'0','2100000','',5,NULL,NULL,NULL,NULL,NULL,NULL,1,'zummXD2dvAtI.png',NULL,NULL,NULL,NULL,NULL,NULL,NULL,NULL,NULL,NULL,'',1,'2022-11-13 22:05:46','2022-11-13 22:05:46'),(353,'Las 120 Amper 450W','K0008M03561120220009','standar','C128',356,32,33,33,33,'0','1300000','',5,NULL,NULL,NULL,NULL,NULL,NULL,1,'zummXD2dvAtI.png',NULL,NULL,NULL,NULL,NULL,NULL,NULL,NULL,NULL,NULL,'',1,'2022-11-13 22:05:46','2022-11-13 22:05:46'),(354,'Las 125 Amper','K0008M03571120220001','standar','C128',357,32,33,33,33,'0','1200000','',5,NULL,NULL,NULL,NULL,NULL,NULL,1,'zummXD2dvAtI.png',NULL,NULL,NULL,NULL,NULL,NULL,NULL,NULL,NULL,NULL,'',1,'2022-11-13 22:05:46','2022-11-13 22:05:46'),(355,'Las 120 Amper','K0008M01241120220001','standar','C128',124,32,33,33,33,'0','875000','',5,NULL,NULL,NULL,NULL,NULL,NULL,1,'zummXD2dvAtI.png',NULL,NULL,NULL,NULL,NULL,NULL,NULL,NULL,NULL,NULL,'',1,'2022-11-13 22:05:46','2022-11-13 22:05:46'),(356,'M.Potong kayu 180mm M-2600L','K0008M02011120220009','standar','C128',201,32,33,33,33,'0','0','',5,NULL,NULL,NULL,NULL,NULL,NULL,1,'zummXD2dvAtI.png',NULL,NULL,NULL,NULL,NULL,NULL,NULL,NULL,NULL,NULL,'',1,'2022-11-13 22:05:46','2022-11-13 22:05:46'),(357,'Mata bor 10mm JIZ-10B','K0008M02011120220009','standar','C128',201,32,33,33,33,'0','300000','',5,NULL,NULL,NULL,NULL,NULL,NULL,1,'zummXD2dvAtI.png',NULL,NULL,NULL,NULL,NULL,NULL,NULL,NULL,NULL,NULL,'',1,'2022-11-13 22:05:46','2022-11-13 22:05:46'),(358,'Mata bor 10mm M-2100','K0008M02011120220009','standar','C128',201,32,33,33,33,'0','325000','',5,NULL,NULL,NULL,NULL,NULL,NULL,1,'zummXD2dvAtI.png',NULL,NULL,NULL,NULL,NULL,NULL,NULL,NULL,NULL,NULL,'',1,'2022-11-13 22:05:46','2022-11-13 22:05:46'),(359,'Meteran digital LD050P','K0008M00211120220009','standar','C128',21,32,33,33,33,'0','1700000','',5,NULL,NULL,NULL,NULL,NULL,NULL,1,'zummXD2dvAtI.png',NULL,NULL,NULL,NULL,NULL,NULL,NULL,NULL,NULL,NULL,'',1,'2022-11-13 22:05:46','2022-11-13 22:05:46'),(360,'Multi tool TM 3000C','K0008M00211120220009','standar','C128',21,32,33,33,33,'0','3675000','',5,NULL,NULL,NULL,NULL,NULL,NULL,1,'zummXD2dvAtI.png',NULL,NULL,NULL,NULL,NULL,NULL,NULL,NULL,NULL,NULL,'',1,'2022-11-13 22:05:46','2022-11-13 22:05:46'),(361,'Pompa air PWH137C (Biasa)','K0008M00331120220001','standar','C128',33,32,33,33,33,'0','650000','',5,NULL,NULL,NULL,NULL,NULL,NULL,1,'zummXD2dvAtI.png',NULL,NULL,NULL,NULL,NULL,NULL,NULL,NULL,NULL,NULL,'',1,'2022-11-13 22:05:46','2022-11-13 22:05:46'),(362,'Pompa air PS 135 E','K0008M00741120220009','standar','C128',74,32,33,33,33,'0','720000','',5,NULL,NULL,NULL,NULL,NULL,NULL,1,'zummXD2dvAtI.png',NULL,NULL,NULL,NULL,NULL,NULL,NULL,NULL,NULL,NULL,'',1,'2022-11-13 22:05:46','2022-11-13 22:05:46'),(363,'Pompa air PS 128 Bit','K0008M00741120220009','standar','C128',74,32,33,33,33,'0','600000','',5,NULL,NULL,NULL,NULL,NULL,NULL,1,'zummXD2dvAtI.png',NULL,NULL,NULL,NULL,NULL,NULL,NULL,NULL,NULL,NULL,'',1,'2022-11-13 22:05:47','2022-11-13 22:05:47'),(364,'Pompa air PC-503 BIT (Auto)','K0008M00741120220009','standar','C128',74,32,33,33,33,'0','3500000','',5,NULL,NULL,NULL,NULL,NULL,NULL,1,'zummXD2dvAtI.png',NULL,NULL,NULL,NULL,NULL,NULL,NULL,NULL,NULL,NULL,'',1,'2022-11-13 22:05:47','2022-11-13 22:05:47'),(365,'Pompa air PC-375 Bit (Auto)','K0008M00741120220009','standar','C128',74,32,33,33,33,'0','2350000','',5,NULL,NULL,NULL,NULL,NULL,NULL,1,'zummXD2dvAtI.png',NULL,NULL,NULL,NULL,NULL,NULL,NULL,NULL,NULL,NULL,'',1,'2022-11-13 22:05:47','2022-11-13 22:05:47'),(366,'Pompa air PC-268 Bit (Auto)','K0008M00741120220009','standar','C128',74,32,33,33,33,'0','1950000','',5,NULL,NULL,NULL,NULL,NULL,NULL,1,'zummXD2dvAtI.png',NULL,NULL,NULL,NULL,NULL,NULL,NULL,NULL,NULL,NULL,'',1,'2022-11-13 22:05:47','2022-11-13 22:05:47'),(367,'Pompa air PC-230 Bit (Auto)','K0008M00741120220009','standar','C128',74,32,33,33,33,'0','1175000','',5,NULL,NULL,NULL,NULL,NULL,NULL,1,'zummXD2dvAtI.png',NULL,NULL,NULL,NULL,NULL,NULL,NULL,NULL,NULL,NULL,'',1,'2022-11-13 22:05:47','2022-11-13 22:05:47'),(368,'Pompa Air GX 160','K0008M04541120220001','standar','C128',451,32,33,33,33,'0','4150000','',5,NULL,NULL,NULL,NULL,NULL,NULL,1,'zummXD2dvAtI.png',NULL,NULL,NULL,NULL,NULL,NULL,NULL,NULL,NULL,NULL,'',1,'2022-11-13 22:05:47','2022-11-13 22:05:47'),(369,'Pompa air Pompa dup','K0008M02081120220001','standar','C128',208,32,33,33,33,'0','350000','',5,NULL,NULL,NULL,NULL,NULL,NULL,1,'zummXD2dvAtI.png',NULL,NULL,NULL,NULL,NULL,NULL,NULL,NULL,NULL,NULL,'',1,'2022-11-13 22:05:47','2022-11-13 22:05:47'),(370,'Pompa air DB-125B','K0008M02081120220009','standar','C128',208,32,33,33,33,'0','425000','',5,NULL,NULL,NULL,NULL,NULL,NULL,1,'zummXD2dvAtI.png',NULL,NULL,NULL,NULL,NULL,NULL,NULL,NULL,NULL,NULL,'',1,'2022-11-13 22:05:47','2022-11-13 22:05:47'),(371,'Pompa air  PH137AC (Auto)','K0008M00331120220009','standar','C128',33,32,33,33,33,'0','775000','',5,NULL,NULL,NULL,NULL,NULL,NULL,1,'zummXD2dvAtI.png',NULL,NULL,NULL,NULL,NULL,NULL,NULL,NULL,NULL,NULL,'',1,'2022-11-13 22:05:47','2022-11-13 22:05:47'),(372,'Pompa air  P-H125A (Auto)','K0008M00331120220009','standar','C128',33,32,33,33,33,'0','775000','',5,NULL,NULL,NULL,NULL,NULL,NULL,1,'zummXD2dvAtI.png',NULL,NULL,NULL,NULL,NULL,NULL,NULL,NULL,NULL,NULL,'',1,'2022-11-13 22:05:47','2022-11-13 22:05:47'),(373,'Pompa celup Kolam','K0008M03591120220001','standar','C128',359,32,33,33,33,'0','675000','',5,NULL,NULL,NULL,NULL,NULL,NULL,1,'zummXD2dvAtI.png',NULL,NULL,NULL,NULL,NULL,NULL,NULL,NULL,NULL,NULL,'',1,'2022-11-13 22:05:47','2022-11-13 22:05:47'),(374,'Pompa celup 2 SD 1 0.5HP KH 38C30\"','K0008M02131120220009','standar','C128',213,32,33,33,33,'0','2550000','',5,NULL,NULL,NULL,NULL,NULL,NULL,1,'zummXD2dvAtI.png',NULL,NULL,NULL,NULL,NULL,NULL,NULL,NULL,NULL,NULL,'',1,'2022-11-13 22:05:47','2022-11-13 22:05:47'),(375,'Pompa celup 2.5 SD 1.5/12 0.5HP KH 24C40\"','K0008M02131120220009','standar','C128',213,32,33,33,33,'0','2400000','',5,NULL,NULL,NULL,NULL,NULL,NULL,1,'zummXD2dvAtI.png',NULL,NULL,NULL,NULL,NULL,NULL,NULL,NULL,NULL,NULL,'',1,'2022-11-13 22:05:47','2022-11-13 22:05:47'),(376,'Pompa celup 2.5\"? SD 1.5 0.33HP KH 17C40','K0008M02131120220009','standar','C128',213,32,33,33,33,'0','2150000','',5,NULL,NULL,NULL,NULL,NULL,NULL,1,'zummXD2dvAtI.png',NULL,NULL,NULL,NULL,NULL,NULL,NULL,NULL,NULL,NULL,'',1,'2022-11-13 22:05:47','2022-11-13 22:05:47'),(377,'Pompa celup 2\"? SD 1 0.33HP KH 32C30','K0008M02131120220009','standar','C128',213,32,33,33,33,'0','2300000','',5,NULL,NULL,NULL,NULL,NULL,NULL,1,'zummXD2dvAtI.png',NULL,NULL,NULL,NULL,NULL,NULL,NULL,NULL,NULL,NULL,'',1,'2022-11-13 22:05:47','2022-11-13 22:05:47'),(378,'Potong besi 2414MB','K0008M00211120220009','standar','C128',21,32,33,33,33,'0','3200000','',5,NULL,NULL,NULL,NULL,NULL,NULL,1,'zummXD2dvAtI.png',NULL,NULL,NULL,NULL,NULL,NULL,NULL,NULL,NULL,NULL,'',1,'2022-11-13 22:05:47','2022-11-13 22:05:47'),(379,'Potong besi CC14SF','K0008M02001120220009','standar','C128',200,32,33,33,33,'0','1760000','',5,NULL,NULL,NULL,NULL,NULL,NULL,1,'zummXD2dvAtI.png',NULL,NULL,NULL,NULL,NULL,NULL,NULL,NULL,NULL,NULL,'',1,'2022-11-13 22:05:47','2022-11-13 22:05:47'),(380,'Potong besi/cut off MT 243','K0008M01991120220009','standar','C128',199,32,33,33,33,'0','2150000','',5,NULL,NULL,NULL,NULL,NULL,NULL,1,'zummXD2dvAtI.png',NULL,NULL,NULL,NULL,NULL,NULL,NULL,NULL,NULL,NULL,'',1,'2022-11-13 22:05:48','2022-11-13 22:05:48'),(381,'Potong besi/cut off 2414NB','K0008M00211120220009','standar','C128',21,32,33,33,33,'0','2850000','',5,NULL,NULL,NULL,NULL,NULL,NULL,1,'zummXD2dvAtI.png',NULL,NULL,NULL,NULL,NULL,NULL,NULL,NULL,NULL,NULL,'',1,'2022-11-13 22:05:48','2022-11-13 22:05:48'),(382,'Potong Keramik MT 412','K0008M01991120220009','standar','C128',199,32,33,33,33,'0','1350000','',5,NULL,NULL,NULL,NULL,NULL,NULL,1,'zummXD2dvAtI.png',NULL,NULL,NULL,NULL,NULL,NULL,NULL,NULL,NULL,NULL,'',1,'2022-11-13 22:05:48','2022-11-13 22:05:48'),(383,'Potong keramik  Manual','K0008M00021120220001','standar','C128',2,32,33,33,33,'0','850000','',5,NULL,NULL,NULL,NULL,NULL,NULL,1,'zummXD2dvAtI.png',NULL,NULL,NULL,NULL,NULL,NULL,NULL,NULL,NULL,NULL,'',1,'2022-11-13 22:05:48','2022-11-13 22:05:48'),(384,'Potong keramik  Grinding weels 2S-si','K0008M00021120220009','standar','C128',2,32,33,33,33,'0','210000','',5,NULL,NULL,NULL,NULL,NULL,NULL,1,'zummXD2dvAtI.png',NULL,NULL,NULL,NULL,NULL,NULL,NULL,NULL,NULL,NULL,'',1,'2022-11-13 22:05:48','2022-11-13 22:05:48'),(385,'Mesin babat rumput ','K0008M00101120220001','standar','C128',10,32,33,33,33,'0','1250000','',5,NULL,NULL,NULL,NULL,NULL,NULL,1,'zummXD2dvAtI.png',NULL,NULL,NULL,NULL,NULL,NULL,NULL,NULL,NULL,NULL,'',1,'2022-11-13 22:05:48','2022-11-13 22:05:48'),(386,'Router MT 362','K0008M01991120220009','standar','C128',199,32,33,33,33,'0','2650000','',5,NULL,NULL,NULL,NULL,NULL,NULL,1,'zummXD2dvAtI.png',NULL,NULL,NULL,NULL,NULL,NULL,NULL,NULL,NULL,NULL,'',1,'2022-11-13 22:05:48','2022-11-13 22:05:48'),(387,'Profil besar/router 3612','K0008M00211120220009','standar','C128',21,32,33,33,33,'0','3950000','',5,NULL,NULL,NULL,NULL,NULL,NULL,1,'zummXD2dvAtI.png',NULL,NULL,NULL,NULL,NULL,NULL,NULL,NULL,NULL,NULL,'',1,'2022-11-13 22:05:48','2022-11-13 22:05:48'),(388,'Router MT 370','K0008M01991120220009','standar','C128',199,32,33,33,33,'0','950000','',5,NULL,NULL,NULL,NULL,NULL,NULL,1,'zummXD2dvAtI.png',NULL,NULL,NULL,NULL,NULL,NULL,NULL,NULL,NULL,NULL,'',1,'2022-11-13 22:05:48','2022-11-13 22:05:48'),(389,'Radar/pelampung tandon RD 09','K00081120220009','standar','C128',199,32,33,33,33,'0','110000','',5,NULL,NULL,NULL,NULL,NULL,NULL,1,'zummXD2dvAtI.png',NULL,NULL,NULL,NULL,NULL,NULL,NULL,NULL,NULL,NULL,'',1,'2022-11-13 22:05:48','2022-11-13 22:05:48'),(390,'Sawmill M-2600L','K0008M02011120220009','standar','C128',201,32,33,33,33,'0','750000','',5,NULL,NULL,NULL,NULL,NULL,NULL,1,'zummXD2dvAtI.png',NULL,NULL,NULL,NULL,NULL,NULL,NULL,NULL,NULL,NULL,'',1,'2022-11-13 22:05:48','2022-11-13 22:05:48'),(391,'Sawmill MT 583','K0008M01991120220009','standar','C128',199,32,33,33,33,'0','1400000','',5,NULL,NULL,NULL,NULL,NULL,NULL,1,'zummXD2dvAtI.png',NULL,NULL,NULL,NULL,NULL,NULL,NULL,NULL,NULL,NULL,'',1,'2022-11-13 22:05:48','2022-11-13 22:05:48'),(392,'Sawmill C7 MT580/583','K0008M01991120220009','standar','C128',199,32,33,33,33,'0','400000','',5,NULL,NULL,NULL,NULL,NULL,NULL,1,'zummXD2dvAtI.png',NULL,NULL,NULL,NULL,NULL,NULL,NULL,NULL,NULL,NULL,'',1,'2022-11-13 22:05:48','2022-11-13 22:05:48'),(393,'Sawmill 5800 NB','K0008M00211120220009','standar','C128',21,32,33,33,33,'0','4000000','',5,NULL,NULL,NULL,NULL,NULL,NULL,1,'zummXD2dvAtI.png',NULL,NULL,NULL,NULL,NULL,NULL,NULL,NULL,NULL,NULL,'',1,'2022-11-13 22:05:48','2022-11-13 22:05:48'),(394,'Sawmill C7 190mm SS','K0008M02001120220009','standar','C128',200,32,33,33,33,'0','1300000','',5,NULL,NULL,NULL,NULL,NULL,NULL,1,'zummXD2dvAtI.png',NULL,NULL,NULL,NULL,NULL,NULL,NULL,NULL,NULL,NULL,'',1,'2022-11-13 22:05:48','2022-11-13 22:05:48'),(395,'Jet Cleanner ABW VGS 70','K0008M02061120220001','standar','C128',206,32,33,33,33,'0','975000','',5,NULL,NULL,NULL,NULL,NULL,NULL,1,'zummXD2dvAtI.png',NULL,NULL,NULL,NULL,NULL,NULL,NULL,NULL,NULL,NULL,'',1,'2022-11-13 22:05:48','2022-11-13 22:05:48'),(396,'Semprot cat HL 719','K0008M02061120220009','standar','C128',206,32,33,33,33,'0','0','',5,NULL,NULL,NULL,NULL,NULL,NULL,1,'zummXD2dvAtI.png',NULL,NULL,NULL,NULL,NULL,NULL,NULL,NULL,NULL,NULL,'',1,'2022-11-13 22:05:49','2022-11-13 22:05:49'),(397,'Senso MS 720','K0008M04551120220001','standar','C128',452,32,33,33,33,'0','14500000','',5,NULL,NULL,NULL,NULL,NULL,NULL,1,'zummXD2dvAtI.png',NULL,NULL,NULL,NULL,NULL,NULL,NULL,NULL,NULL,NULL,'',1,'2022-11-13 22:05:49','2022-11-13 22:05:49'),(398,'Skap 1805N','K0008M00211120220009','standar','C128',21,32,33,33,33,'0','8150000','',5,NULL,NULL,NULL,NULL,NULL,NULL,1,'zummXD2dvAtI.png',NULL,NULL,NULL,NULL,NULL,NULL,NULL,NULL,NULL,NULL,'',1,'2022-11-13 22:05:49','2022-11-13 22:05:49'),(399,'Skap MT191','K0008M01991120220009','standar','C128',199,32,33,33,33,'0','450000','',5,NULL,NULL,NULL,NULL,NULL,NULL,1,'zummXD2dvAtI.png',NULL,NULL,NULL,NULL,NULL,NULL,NULL,NULL,NULL,NULL,'',1,'2022-11-13 22:05:49','2022-11-13 22:05:49'),(400,'Skap P20SB','K0008M02001120220009','standar','C128',200,32,33,33,33,'0','775000','',5,NULL,NULL,NULL,NULL,NULL,NULL,1,'zummXD2dvAtI.png',NULL,NULL,NULL,NULL,NULL,NULL,NULL,NULL,NULL,NULL,'',1,'2022-11-13 22:05:49','2022-11-13 22:05:49'),(401,'Skap GHO 1082','K0008M02021120220009','standar','C128',202,32,33,33,33,'0','1920000','',5,NULL,NULL,NULL,NULL,NULL,NULL,1,'zummXD2dvAtI.png',NULL,NULL,NULL,NULL,NULL,NULL,NULL,NULL,NULL,NULL,'',1,'2022-11-13 22:05:49','2022-11-13 22:05:49'),(402,'Skap K 1900N','K0008M02051120220009','standar','C128',205,32,33,33,33,'0','385000','',5,NULL,NULL,NULL,NULL,NULL,NULL,1,'zummXD2dvAtI.png',NULL,NULL,NULL,NULL,NULL,NULL,NULL,NULL,NULL,NULL,'',1,'2022-11-13 22:05:49','2022-11-13 22:05:49');
/*!40000 ALTER TABLE `products` ENABLE KEYS */;
UNLOCK TABLES;

--
-- Table structure for table `purchase_product_return`
--

DROP TABLE IF EXISTS `purchase_product_return`;
/*!40101 SET @saved_cs_client     = @@character_set_client */;
/*!40101 SET character_set_client = utf8 */;
CREATE TABLE `purchase_product_return` (
  `id` int(10) unsigned NOT NULL AUTO_INCREMENT,
  `return_id` int(11) NOT NULL,
  `product_id` int(11) NOT NULL,
  `product_batch_id` int(11) DEFAULT NULL,
  `variant_id` int(11) DEFAULT NULL,
  `imei_number` text COLLATE utf8mb4_unicode_ci DEFAULT NULL,
  `qty` double NOT NULL,
  `purchase_unit_id` int(11) NOT NULL,
  `net_unit_cost` double NOT NULL,
  `discount` double NOT NULL,
  `tax_rate` double NOT NULL,
  `tax` double NOT NULL,
  `total` double NOT NULL,
  `created_at` timestamp NULL DEFAULT NULL,
  `updated_at` timestamp NULL DEFAULT NULL,
  PRIMARY KEY (`id`)
) ENGINE=InnoDB AUTO_INCREMENT=23 DEFAULT CHARSET=utf8mb4 COLLATE=utf8mb4_unicode_ci;
/*!40101 SET character_set_client = @saved_cs_client */;

--
-- Dumping data for table `purchase_product_return`
--

LOCK TABLES `purchase_product_return` WRITE;
/*!40000 ALTER TABLE `purchase_product_return` DISABLE KEYS */;
/*!40000 ALTER TABLE `purchase_product_return` ENABLE KEYS */;
UNLOCK TABLES;

--
-- Table structure for table `purchases`
--

DROP TABLE IF EXISTS `purchases`;
/*!40101 SET @saved_cs_client     = @@character_set_client */;
/*!40101 SET character_set_client = utf8 */;
CREATE TABLE `purchases` (
  `id` int(10) unsigned NOT NULL AUTO_INCREMENT,
  `reference_no` varchar(191) COLLATE utf8mb4_unicode_ci NOT NULL,
  `user_id` int(11) NOT NULL,
  `warehouse_id` int(11) NOT NULL,
  `supplier_id` int(11) DEFAULT NULL,
  `item` int(11) NOT NULL,
  `total_qty` double NOT NULL,
  `total_discount` double NOT NULL,
  `total_tax` double NOT NULL,
  `total_cost` double NOT NULL,
  `order_tax_rate` double DEFAULT NULL,
  `order_tax` double DEFAULT NULL,
  `order_discount` double DEFAULT NULL,
  `shipping_cost` double DEFAULT NULL,
  `grand_total` double NOT NULL,
  `paid_amount` double NOT NULL,
  `status` int(11) NOT NULL,
  `payment_status` int(11) NOT NULL,
  `document` varchar(191) COLLATE utf8mb4_unicode_ci DEFAULT NULL,
  `note` text COLLATE utf8mb4_unicode_ci DEFAULT NULL,
  `created_at` timestamp NULL DEFAULT NULL,
  `updated_at` timestamp NULL DEFAULT NULL,
  PRIMARY KEY (`id`)
) ENGINE=InnoDB AUTO_INCREMENT=143 DEFAULT CHARSET=utf8mb4 COLLATE=utf8mb4_unicode_ci;
/*!40101 SET character_set_client = @saved_cs_client */;

--
-- Dumping data for table `purchases`
--

LOCK TABLES `purchases` WRITE;
/*!40000 ALTER TABLE `purchases` DISABLE KEYS */;
INSERT INTO `purchases` VALUES (136,'pr-20220324-044230',1,1,1,2,255,0,0,48750000,0,0,NULL,NULL,48750000,0,1,1,NULL,NULL,'2022-03-23 21:42:30','2022-03-23 21:42:30'),(137,'pr-20220423-025814',1,1,NULL,1,1,0,0,250000,0,0,NULL,NULL,250000,0,1,1,NULL,NULL,'2022-04-22 19:58:14','2022-04-22 19:58:14'),(138,'pr-20220517-035426',1,1,1,1,10,0,0,1000000,0,0,NULL,NULL,1000000,0,1,1,NULL,NULL,'2022-05-17 08:54:26','2022-05-17 08:54:26'),(139,'pr-20220517-040206',1,1,1,2,110,0,0,15000000,0,0,NULL,NULL,15000000,0,1,1,NULL,NULL,'2022-05-17 09:02:06','2022-05-17 09:02:06'),(140,'pr-20220518-075308',1,7,1,1,100,0,0,10000000,11,1100000,NULL,NULL,11100000,0,1,1,NULL,NULL,'2022-05-18 00:53:08','2022-05-18 00:53:08'),(141,'pr-20221025-010414',1,1,1,1,2,0,0,1000000,0,0,NULL,NULL,1000000,0,1,1,NULL,NULL,'2022-10-24 18:04:14','2022-10-24 18:04:14'),(142,'pr-20221025-010731',1,1,1,2,4,0,0,1200000,0,0,10,NULL,1199990,0,4,1,NULL,NULL,'2022-10-24 18:07:31','2022-10-24 18:07:31');
/*!40000 ALTER TABLE `purchases` ENABLE KEYS */;
UNLOCK TABLES;

--
-- Table structure for table `quotations`
--

DROP TABLE IF EXISTS `quotations`;
/*!40101 SET @saved_cs_client     = @@character_set_client */;
/*!40101 SET character_set_client = utf8 */;
CREATE TABLE `quotations` (
  `id` int(10) unsigned NOT NULL AUTO_INCREMENT,
  `reference_no` varchar(191) COLLATE utf8mb4_unicode_ci NOT NULL,
  `user_id` int(11) NOT NULL,
  `biller_id` int(11) NOT NULL,
  `supplier_id` int(11) DEFAULT NULL,
  `customer_id` int(11) NOT NULL,
  `warehouse_id` int(11) NOT NULL,
  `item` int(11) NOT NULL,
  `total_qty` double NOT NULL,
  `total_discount` double NOT NULL,
  `total_tax` double NOT NULL,
  `total_price` double NOT NULL,
  `order_tax_rate` double DEFAULT NULL,
  `order_tax` double DEFAULT NULL,
  `order_discount` double DEFAULT NULL,
  `shipping_cost` double DEFAULT NULL,
  `grand_total` double NOT NULL,
  `quotation_status` int(11) NOT NULL,
  `document` varchar(191) COLLATE utf8mb4_unicode_ci DEFAULT NULL,
  `note` text COLLATE utf8mb4_unicode_ci DEFAULT NULL,
  `created_at` timestamp NULL DEFAULT NULL,
  `updated_at` timestamp NULL DEFAULT NULL,
  PRIMARY KEY (`id`)
) ENGINE=InnoDB AUTO_INCREMENT=17 DEFAULT CHARSET=utf8mb4 COLLATE=utf8mb4_unicode_ci;
/*!40101 SET character_set_client = @saved_cs_client */;

--
-- Dumping data for table `quotations`
--

LOCK TABLES `quotations` WRITE;
/*!40000 ALTER TABLE `quotations` DISABLE KEYS */;
INSERT INTO `quotations` VALUES (16,'qr-20221009-113528',1,8,1,21,7,1,2,0,0,1120000,0,0,NULL,NULL,1120000,1,NULL,NULL,'2022-10-09 16:35:28','2022-10-09 16:35:28');
/*!40000 ALTER TABLE `quotations` ENABLE KEYS */;
UNLOCK TABLES;

--
-- Table structure for table `return_purchases`
--

DROP TABLE IF EXISTS `return_purchases`;
/*!40101 SET @saved_cs_client     = @@character_set_client */;
/*!40101 SET character_set_client = utf8 */;
CREATE TABLE `return_purchases` (
  `id` int(10) unsigned NOT NULL AUTO_INCREMENT,
  `reference_no` varchar(191) COLLATE utf8mb4_unicode_ci NOT NULL,
  `supplier_id` int(11) DEFAULT NULL,
  `warehouse_id` int(11) NOT NULL,
  `user_id` int(11) NOT NULL,
  `account_id` int(11) NOT NULL,
  `item` int(11) NOT NULL,
  `total_qty` double NOT NULL,
  `total_discount` double NOT NULL,
  `total_tax` double NOT NULL,
  `total_cost` double NOT NULL,
  `order_tax_rate` double DEFAULT NULL,
  `order_tax` double DEFAULT NULL,
  `grand_total` double NOT NULL,
  `document` varchar(191) COLLATE utf8mb4_unicode_ci DEFAULT NULL,
  `return_note` text COLLATE utf8mb4_unicode_ci DEFAULT NULL,
  `staff_note` text COLLATE utf8mb4_unicode_ci DEFAULT NULL,
  `created_at` timestamp NULL DEFAULT NULL,
  `updated_at` timestamp NULL DEFAULT NULL,
  PRIMARY KEY (`id`)
) ENGINE=InnoDB AUTO_INCREMENT=12 DEFAULT CHARSET=utf8mb4 COLLATE=utf8mb4_unicode_ci;
/*!40101 SET character_set_client = @saved_cs_client */;

--
-- Dumping data for table `return_purchases`
--

LOCK TABLES `return_purchases` WRITE;
/*!40000 ALTER TABLE `return_purchases` DISABLE KEYS */;
/*!40000 ALTER TABLE `return_purchases` ENABLE KEYS */;
UNLOCK TABLES;

--
-- Table structure for table `returns`
--

DROP TABLE IF EXISTS `returns`;
/*!40101 SET @saved_cs_client     = @@character_set_client */;
/*!40101 SET character_set_client = utf8 */;
CREATE TABLE `returns` (
  `id` int(10) unsigned NOT NULL AUTO_INCREMENT,
  `reference_no` varchar(191) COLLATE utf8mb4_unicode_ci NOT NULL,
  `user_id` int(11) NOT NULL,
  `cash_register_id` int(11) DEFAULT NULL,
  `customer_id` int(11) NOT NULL,
  `warehouse_id` int(11) NOT NULL,
  `biller_id` int(11) NOT NULL,
  `account_id` int(11) NOT NULL,
  `item` int(11) NOT NULL,
  `total_qty` double NOT NULL,
  `total_discount` double NOT NULL,
  `total_tax` double NOT NULL,
  `total_price` double NOT NULL,
  `order_tax_rate` double DEFAULT NULL,
  `order_tax` double DEFAULT NULL,
  `grand_total` double NOT NULL,
  `document` varchar(191) COLLATE utf8mb4_unicode_ci DEFAULT NULL,
  `return_note` text COLLATE utf8mb4_unicode_ci DEFAULT NULL,
  `staff_note` text COLLATE utf8mb4_unicode_ci DEFAULT NULL,
  `created_at` timestamp NULL DEFAULT NULL,
  `updated_at` timestamp NULL DEFAULT NULL,
  PRIMARY KEY (`id`)
) ENGINE=InnoDB AUTO_INCREMENT=31 DEFAULT CHARSET=utf8mb4 COLLATE=utf8mb4_unicode_ci;
/*!40101 SET character_set_client = @saved_cs_client */;

--
-- Dumping data for table `returns`
--

LOCK TABLES `returns` WRITE;
/*!40000 ALTER TABLE `returns` DISABLE KEYS */;
INSERT INTO `returns` VALUES (30,'rr-20220807-054208',1,5,11,1,1,1,1,1,0,0,250000,0,0,250000,NULL,NULL,NULL,'2022-08-06 22:42:08','2022-08-06 22:42:08');
/*!40000 ALTER TABLE `returns` ENABLE KEYS */;
UNLOCK TABLES;

--
-- Table structure for table `reward_point_settings`
--

DROP TABLE IF EXISTS `reward_point_settings`;
/*!40101 SET @saved_cs_client     = @@character_set_client */;
/*!40101 SET character_set_client = utf8 */;
CREATE TABLE `reward_point_settings` (
  `id` bigint(20) unsigned NOT NULL AUTO_INCREMENT,
  `per_point_amount` double NOT NULL,
  `minimum_amount` double NOT NULL,
  `duration` int(11) DEFAULT NULL,
  `type` varchar(191) COLLATE utf8mb4_unicode_ci DEFAULT NULL,
  `is_active` tinyint(1) NOT NULL,
  `created_at` timestamp NULL DEFAULT NULL,
  `updated_at` timestamp NULL DEFAULT NULL,
  PRIMARY KEY (`id`)
) ENGINE=InnoDB AUTO_INCREMENT=2 DEFAULT CHARSET=utf8mb4 COLLATE=utf8mb4_unicode_ci;
/*!40101 SET character_set_client = @saved_cs_client */;

--
-- Dumping data for table `reward_point_settings`
--

LOCK TABLES `reward_point_settings` WRITE;
/*!40000 ALTER TABLE `reward_point_settings` DISABLE KEYS */;
INSERT INTO `reward_point_settings` VALUES (1,300,1000,1,'Year',1,'2021-06-08 14:40:15','2021-06-27 04:20:55');
/*!40000 ALTER TABLE `reward_point_settings` ENABLE KEYS */;
UNLOCK TABLES;

--
-- Table structure for table `role_has_permissions`
--

DROP TABLE IF EXISTS `role_has_permissions`;
/*!40101 SET @saved_cs_client     = @@character_set_client */;
/*!40101 SET character_set_client = utf8 */;
CREATE TABLE `role_has_permissions` (
  `permission_id` int(10) unsigned NOT NULL,
  `role_id` int(10) unsigned NOT NULL
) ENGINE=InnoDB DEFAULT CHARSET=utf8mb4 COLLATE=utf8mb4_unicode_ci;
/*!40101 SET character_set_client = @saved_cs_client */;

--
-- Dumping data for table `role_has_permissions`
--

LOCK TABLES `role_has_permissions` WRITE;
/*!40000 ALTER TABLE `role_has_permissions` DISABLE KEYS */;
INSERT INTO `role_has_permissions` VALUES (4,1),(4,2),(4,4),(5,1),(5,2),(6,1),(6,2),(6,4),(7,1),(7,2),(7,4),(8,1),(8,2),(8,4),(9,1),(9,2),(9,4),(10,1),(10,2),(11,1),(11,2),(12,1),(12,2),(12,4),(13,1),(13,2),(13,4),(14,1),(14,2),(15,1),(15,2),(16,1),(16,2),(17,1),(17,2),(18,1),(18,2),(19,1),(19,2),(20,1),(20,2),(20,4),(21,1),(21,2),(21,4),(22,1),(22,2),(22,4),(23,1),(23,2),(24,1),(24,2),(24,4),(25,1),(25,2),(25,4),(26,1),(26,2),(27,1),(27,2),(28,1),(28,2),(28,4),(29,1),(29,2),(29,4),(30,1),(30,2),(31,1),(31,2),(32,1),(32,2),(33,1),(33,2),(34,1),(34,2),(35,1),(35,2),(36,1),(36,2),(37,1),(37,2),(38,1),(38,2),(39,1),(39,2),(40,1),(40,2),(41,1),(41,2),(42,1),(42,2),(43,1),(43,2),(44,1),(44,2),(45,1),(45,2),(46,1),(46,2),(47,1),(47,2),(48,1),(48,2),(49,1),(49,2),(50,1),(50,2),(51,1),(51,2),(52,1),(52,2),(53,1),(53,2),(54,1),(54,2),(55,1),(55,2),(55,4),(56,1),(56,2),(56,4),(57,1),(57,2),(57,4),(58,1),(58,2),(59,1),(59,2),(60,1),(60,2),(61,1),(61,2),(62,1),(62,2),(63,1),(63,2),(63,4),(64,1),(64,2),(64,4),(65,1),(65,2),(66,1),(66,2),(67,1),(67,2),(68,1),(68,2),(69,1),(69,2),(70,1),(70,2),(71,1),(71,2),(72,1),(72,2),(73,1),(73,2),(74,1),(74,2),(75,1),(75,2),(76,1),(76,2),(77,1),(77,2),(78,1),(78,2),(79,1),(79,2),(80,1),(80,2),(81,1),(81,2),(82,1),(82,2),(83,1),(83,2),(84,1),(84,2),(85,1),(85,2),(86,1),(86,2),(87,1),(87,2),(88,1),(88,2),(89,1),(89,2),(90,1),(90,2),(91,1),(91,2),(92,1),(92,2),(93,1),(93,2),(94,1),(94,2),(95,1),(95,2),(96,1),(96,2),(97,1),(97,2),(98,1),(98,2),(99,1),(99,2),(100,1),(100,2),(101,1),(101,2),(102,1),(102,2),(103,1),(103,2),(104,1),(104,2),(105,1),(105,2),(12,6),(13,6);
/*!40000 ALTER TABLE `role_has_permissions` ENABLE KEYS */;
UNLOCK TABLES;

--
-- Table structure for table `roles`
--

DROP TABLE IF EXISTS `roles`;
/*!40101 SET @saved_cs_client     = @@character_set_client */;
/*!40101 SET character_set_client = utf8 */;
CREATE TABLE `roles` (
  `id` int(10) unsigned NOT NULL AUTO_INCREMENT,
  `name` varchar(191) COLLATE utf8mb4_unicode_ci NOT NULL,
  `description` text COLLATE utf8mb4_unicode_ci DEFAULT NULL,
  `guard_name` varchar(191) COLLATE utf8mb4_unicode_ci DEFAULT NULL,
  `is_active` tinyint(1) NOT NULL,
  `created_at` timestamp NULL DEFAULT NULL,
  `updated_at` timestamp NULL DEFAULT NULL,
  PRIMARY KEY (`id`)
) ENGINE=InnoDB AUTO_INCREMENT=7 DEFAULT CHARSET=utf8mb4 COLLATE=utf8mb4_unicode_ci;
/*!40101 SET character_set_client = @saved_cs_client */;

--
-- Dumping data for table `roles`
--

LOCK TABLES `roles` WRITE;
/*!40000 ALTER TABLE `roles` DISABLE KEYS */;
INSERT INTO `roles` VALUES (1,'Admin','admin can access all data...','web',1,'2018-06-01 22:46:44','2018-06-02 22:13:05'),(2,'Owner','Owner of shop...','web',1,'2018-10-22 01:38:13','2018-10-22 01:38:13'),(4,'staff','staff has specific acess...','web',1,'2018-06-01 23:05:27','2018-06-01 23:05:27'),(5,'Customer','','web',1,'2020-11-05 05:43:16','2020-11-14 23:24:15'),(6,'Kasir',NULL,'web',1,'2022-03-23 19:00:37','2022-03-23 19:00:37');
/*!40000 ALTER TABLE `roles` ENABLE KEYS */;
UNLOCK TABLES;

--
-- Table structure for table `sales`
--

DROP TABLE IF EXISTS `sales`;
/*!40101 SET @saved_cs_client     = @@character_set_client */;
/*!40101 SET character_set_client = utf8 */;
CREATE TABLE `sales` (
  `id` int(10) unsigned NOT NULL AUTO_INCREMENT,
  `reference_no` varchar(191) COLLATE utf8mb4_unicode_ci NOT NULL,
  `user_id` int(11) NOT NULL,
  `cash_register_id` int(11) DEFAULT NULL,
  `customer_id` int(11) NOT NULL,
  `warehouse_id` int(11) NOT NULL,
  `biller_id` int(11) DEFAULT NULL,
  `item` int(11) NOT NULL,
  `total_qty` double NOT NULL,
  `total_discount` double NOT NULL,
  `total_tax` double NOT NULL,
  `total_price` double NOT NULL,
  `grand_total` double NOT NULL,
  `order_tax_rate` double DEFAULT NULL,
  `order_tax` double DEFAULT NULL,
  `order_discount` double DEFAULT NULL,
  `coupon_id` int(11) DEFAULT NULL,
  `coupon_discount` double DEFAULT NULL,
  `shipping_cost` double DEFAULT NULL,
  `sale_status` int(11) NOT NULL,
  `payment_status` int(11) NOT NULL,
  `document` varchar(191) COLLATE utf8mb4_unicode_ci DEFAULT NULL,
  `paid_amount` double DEFAULT NULL,
  `sale_note` text COLLATE utf8mb4_unicode_ci DEFAULT NULL,
  `staff_note` text COLLATE utf8mb4_unicode_ci DEFAULT NULL,
  `created_at` timestamp NULL DEFAULT NULL,
  `updated_at` timestamp NULL DEFAULT NULL,
  PRIMARY KEY (`id`)
) ENGINE=InnoDB AUTO_INCREMENT=376 DEFAULT CHARSET=utf8mb4 COLLATE=utf8mb4_unicode_ci;
/*!40101 SET character_set_client = @saved_cs_client */;

--
-- Dumping data for table `sales`
--

LOCK TABLES `sales` WRITE;
/*!40000 ALTER TABLE `sales` DISABLE KEYS */;
INSERT INTO `sales` VALUES (363,'posr-20220324-044919',1,5,11,1,1,2,33,0,0,13210000,13210000,0,0,0,NULL,NULL,0,1,4,NULL,13210000,NULL,NULL,'2022-03-23 21:49:19','2022-05-09 00:40:25'),(364,'posr-20220517-041509',1,5,11,1,1,1,1,0,0,250000,277500,11,27500,NULL,NULL,NULL,NULL,1,4,NULL,277500,NULL,NULL,'2022-05-17 09:15:09','2022-05-17 09:15:09'),(365,'posr-20220518-075605',1,5,11,1,1,1,12,0,0,3000000,3000000,0,0,NULL,NULL,NULL,NULL,1,4,NULL,3000000,NULL,NULL,'2022-05-18 00:56:05','2022-05-18 00:56:05'),(366,'posr-20220523-071848',1,5,11,1,1,2,2,0,0,810000,810000,0,0,NULL,NULL,NULL,NULL,1,4,NULL,810000,NULL,NULL,'2022-05-23 00:18:48','2022-05-23 00:18:48'),(367,'posr-20220523-024117',1,5,3,1,1,1,1,0,0,588000,588000,0,0,NULL,NULL,NULL,NULL,1,4,NULL,588000,NULL,NULL,'2022-05-23 07:41:17','2022-05-23 07:41:17'),(368,'posr-20220623-071006',1,5,11,1,1,2,3,0,0,1060000,1060000,0,0,NULL,NULL,NULL,NULL,1,4,NULL,1060000,NULL,NULL,'2022-06-23 00:10:06','2022-06-23 00:10:06'),(369,'posr-20220723-033420',1,5,11,1,1,2,2,0,0,810000,810000,0,0,NULL,NULL,NULL,NULL,1,4,NULL,810000,NULL,NULL,'2022-07-23 08:34:20','2022-07-23 08:34:20'),(370,'posr-20220723-040455',1,5,11,1,1,2,2,0,0,810000,810000,0,0,NULL,NULL,NULL,NULL,1,4,NULL,810000,NULL,NULL,'2022-07-23 09:04:55','2022-07-23 09:04:55'),(371,'posr-20220805-083844',1,5,11,1,1,2,2,0,0,810000,810000,0,0,NULL,NULL,NULL,NULL,1,4,NULL,810000,NULL,NULL,'2022-08-05 01:38:44','2022-08-05 01:38:44'),(372,'posr-20220807-053714',1,5,11,1,1,1,1,0,0,250000,250000,0,0,NULL,NULL,NULL,NULL,1,4,NULL,250000,NULL,NULL,'2022-08-06 22:37:14','2022-08-06 22:37:14'),(373,'posr-20221009-073908',1,5,11,1,1,1,2,0,0,500000,500000,0,0,NULL,NULL,NULL,NULL,1,4,NULL,500000,NULL,NULL,'2022-10-09 00:39:08','2022-10-09 00:39:08'),(374,'posr-20221011-090950',1,5,11,1,1,1,1,0,0,250000,250000,0,0,NULL,NULL,NULL,NULL,1,4,NULL,250000,NULL,NULL,'2022-10-11 02:09:50','2022-10-11 02:09:50'),(375,'posr-20221013-042150',1,5,11,1,1,1,1,0,0,560000,560000,0,0,NULL,NULL,NULL,NULL,1,4,NULL,560000,NULL,NULL,'2022-10-12 21:21:50','2022-10-12 21:21:50');
/*!40000 ALTER TABLE `sales` ENABLE KEYS */;
UNLOCK TABLES;

--
-- Table structure for table `stock_counts`
--

DROP TABLE IF EXISTS `stock_counts`;
/*!40101 SET @saved_cs_client     = @@character_set_client */;
/*!40101 SET character_set_client = utf8 */;
CREATE TABLE `stock_counts` (
  `id` int(10) unsigned NOT NULL AUTO_INCREMENT,
  `reference_no` varchar(191) COLLATE utf8mb4_unicode_ci NOT NULL,
  `warehouse_id` int(11) NOT NULL,
  `category_id` varchar(191) COLLATE utf8mb4_unicode_ci DEFAULT NULL,
  `brand_id` varchar(191) COLLATE utf8mb4_unicode_ci DEFAULT NULL,
  `user_id` int(11) NOT NULL,
  `type` varchar(191) COLLATE utf8mb4_unicode_ci NOT NULL,
  `initial_file` varchar(191) COLLATE utf8mb4_unicode_ci DEFAULT NULL,
  `final_file` varchar(191) COLLATE utf8mb4_unicode_ci DEFAULT NULL,
  `note` text COLLATE utf8mb4_unicode_ci DEFAULT NULL,
  `is_adjusted` tinyint(1) NOT NULL,
  `created_at` timestamp NULL DEFAULT NULL,
  `updated_at` timestamp NULL DEFAULT NULL,
  PRIMARY KEY (`id`)
) ENGINE=InnoDB AUTO_INCREMENT=3 DEFAULT CHARSET=utf8mb4 COLLATE=utf8mb4_unicode_ci;
/*!40101 SET character_set_client = @saved_cs_client */;

--
-- Dumping data for table `stock_counts`
--

LOCK TABLES `stock_counts` WRITE;
/*!40000 ALTER TABLE `stock_counts` DISABLE KEYS */;
INSERT INTO `stock_counts` VALUES (2,'scr-20221024-124906',1,NULL,NULL,1,'full','20221024-124906.csv',NULL,NULL,0,'2022-10-24 05:49:06','2022-10-24 05:49:06');
/*!40000 ALTER TABLE `stock_counts` ENABLE KEYS */;
UNLOCK TABLES;

--
-- Table structure for table `suppliers`
--

DROP TABLE IF EXISTS `suppliers`;
/*!40101 SET @saved_cs_client     = @@character_set_client */;
/*!40101 SET character_set_client = utf8 */;
CREATE TABLE `suppliers` (
  `id` int(10) unsigned NOT NULL AUTO_INCREMENT,
  `name` varchar(191) COLLATE utf8mb4_unicode_ci NOT NULL,
  `image` varchar(191) COLLATE utf8mb4_unicode_ci DEFAULT NULL,
  `company_name` varchar(191) COLLATE utf8mb4_unicode_ci NOT NULL,
  `vat_number` varchar(191) COLLATE utf8mb4_unicode_ci DEFAULT NULL,
  `email` varchar(191) COLLATE utf8mb4_unicode_ci NOT NULL,
  `phone_number` varchar(191) COLLATE utf8mb4_unicode_ci NOT NULL,
  `address` varchar(191) COLLATE utf8mb4_unicode_ci NOT NULL,
  `city` varchar(191) COLLATE utf8mb4_unicode_ci NOT NULL,
  `state` varchar(191) COLLATE utf8mb4_unicode_ci DEFAULT NULL,
  `postal_code` varchar(191) COLLATE utf8mb4_unicode_ci DEFAULT NULL,
  `country` varchar(191) COLLATE utf8mb4_unicode_ci DEFAULT NULL,
  `is_active` tinyint(1) DEFAULT NULL,
  `created_at` timestamp NULL DEFAULT NULL,
  `updated_at` timestamp NULL DEFAULT NULL,
  PRIMARY KEY (`id`)
) ENGINE=InnoDB AUTO_INCREMENT=6 DEFAULT CHARSET=utf8mb4 COLLATE=utf8mb4_unicode_ci;
/*!40101 SET character_set_client = @saved_cs_client */;

--
-- Dumping data for table `suppliers`
--

LOCK TABLES `suppliers` WRITE;
/*!40000 ALTER TABLE `suppliers` DISABLE KEYS */;
INSERT INTO `suppliers` VALUES (1,'Supplier 1','globaltouch.jpg','Supplier 1','','Supplier 1@mail.com','231231','Jakarta','Jakarta Selatan','','','Indonesia',1,'2018-05-12 21:06:34','2019-12-21 09:58:47');
/*!40000 ALTER TABLE `suppliers` ENABLE KEYS */;
UNLOCK TABLES;

--
-- Table structure for table `taxes`
--

DROP TABLE IF EXISTS `taxes`;
/*!40101 SET @saved_cs_client     = @@character_set_client */;
/*!40101 SET character_set_client = utf8 */;
CREATE TABLE `taxes` (
  `id` int(10) unsigned NOT NULL AUTO_INCREMENT,
  `name` varchar(191) COLLATE utf8mb4_unicode_ci NOT NULL,
  `rate` double NOT NULL,
  `is_active` tinyint(1) DEFAULT NULL,
  `created_at` timestamp NULL DEFAULT NULL,
  `updated_at` timestamp NULL DEFAULT NULL,
  PRIMARY KEY (`id`)
) ENGINE=InnoDB AUTO_INCREMENT=5 DEFAULT CHARSET=utf8mb4 COLLATE=utf8mb4_unicode_ci;
/*!40101 SET character_set_client = @saved_cs_client */;

--
-- Dumping data for table `taxes`
--

LOCK TABLES `taxes` WRITE;
/*!40000 ALTER TABLE `taxes` DISABLE KEYS */;
INSERT INTO `taxes` VALUES (1,'vat@11',11,1,'2018-05-12 08:58:30','2022-05-17 09:08:02'),(2,'vat@15',15,1,'2018-05-12 08:58:43','2018-05-27 22:35:05'),(3,'test',6,0,'2018-05-27 22:32:54','2018-05-27 22:34:44'),(4,'vat 20',20,1,'2018-08-31 23:58:57','2018-08-31 23:58:57');
/*!40000 ALTER TABLE `taxes` ENABLE KEYS */;
UNLOCK TABLES;

--
-- Table structure for table `transfers`
--

DROP TABLE IF EXISTS `transfers`;
/*!40101 SET @saved_cs_client     = @@character_set_client */;
/*!40101 SET character_set_client = utf8 */;
CREATE TABLE `transfers` (
  `id` int(10) unsigned NOT NULL AUTO_INCREMENT,
  `reference_no` varchar(191) COLLATE utf8mb4_unicode_ci NOT NULL,
  `user_id` int(11) NOT NULL,
  `status` int(11) NOT NULL,
  `from_warehouse_id` int(11) NOT NULL,
  `to_warehouse_id` int(11) NOT NULL,
  `item` int(11) NOT NULL,
  `total_qty` double NOT NULL,
  `total_tax` double NOT NULL,
  `total_cost` double NOT NULL,
  `shipping_cost` double DEFAULT NULL,
  `grand_total` double NOT NULL,
  `document` varchar(191) COLLATE utf8mb4_unicode_ci DEFAULT NULL,
  `note` text COLLATE utf8mb4_unicode_ci DEFAULT NULL,
  `created_at` timestamp NULL DEFAULT NULL,
  `updated_at` timestamp NULL DEFAULT NULL,
  PRIMARY KEY (`id`)
) ENGINE=InnoDB AUTO_INCREMENT=23 DEFAULT CHARSET=utf8mb4 COLLATE=utf8mb4_unicode_ci;
/*!40101 SET character_set_client = @saved_cs_client */;

--
-- Dumping data for table `transfers`
--

LOCK TABLES `transfers` WRITE;
/*!40000 ALTER TABLE `transfers` DISABLE KEYS */;
INSERT INTO `transfers` VALUES (21,'tr-20220518-080401',1,1,1,7,1,10,0,1000000,0,1000000,NULL,NULL,'2022-05-18 01:04:01','2022-05-18 01:04:01'),(22,'tr-20221009-113324',1,1,1,7,1,2,0,500000,NULL,500000,NULL,NULL,'2022-10-09 16:33:24','2022-10-09 16:33:24');
/*!40000 ALTER TABLE `transfers` ENABLE KEYS */;
UNLOCK TABLES;

--
-- Table structure for table `units`
--

DROP TABLE IF EXISTS `units`;
/*!40101 SET @saved_cs_client     = @@character_set_client */;
/*!40101 SET character_set_client = utf8 */;
CREATE TABLE `units` (
  `id` int(10) unsigned NOT NULL AUTO_INCREMENT,
  `unit_code` varchar(191) COLLATE utf8mb4_unicode_ci NOT NULL,
  `unit_name` varchar(191) COLLATE utf8mb4_unicode_ci NOT NULL,
  `base_unit` int(11) DEFAULT NULL,
  `operator` varchar(191) COLLATE utf8mb4_unicode_ci DEFAULT NULL,
  `operation_value` double DEFAULT NULL,
  `is_active` tinyint(1) DEFAULT NULL,
  `created_at` timestamp NULL DEFAULT NULL,
  `updated_at` timestamp NULL DEFAULT NULL,
  PRIMARY KEY (`id`)
) ENGINE=InnoDB AUTO_INCREMENT=34 DEFAULT CHARSET=utf8mb4 COLLATE=utf8mb4_unicode_ci;
/*!40101 SET character_set_client = @saved_cs_client */;

--
-- Dumping data for table `units`
--

LOCK TABLES `units` WRITE;
/*!40000 ALTER TABLE `units` DISABLE KEYS */;
INSERT INTO `units` VALUES (12,'Pcs','Pieces',NULL,'/',1,1,'2022-11-13 20:10:01','2022-11-13 20:10:01'),(13,'Box','Box',12,'/',1,1,'2022-11-13 20:28:49','2022-11-13 20:28:49'),(14,'Dos','Dos',12,'/',1,1,'2022-11-13 20:28:49','2022-11-13 20:28:49'),(15,'Lusin','Lusin',12,'/',12,1,'2022-11-13 20:28:49','2022-11-13 20:28:49'),(16,'Pack','Pack',12,'/',1,1,'2022-11-13 20:28:49','2022-11-13 20:28:49'),(17,'Btg','Batang',NULL,'/',1,1,'2022-11-13 20:32:04','2022-11-13 20:32:04'),(18,'Lembar','Lembar',NULL,'/',1,1,'2022-11-13 20:32:04','2022-11-13 20:32:04'),(19,'Sak','Sak',NULL,'/',1,1,'2022-11-13 20:32:04','2022-11-13 20:32:04'),(20,'Kg','Kilo Gram',NULL,'/',1,1,'2022-11-13 20:32:04','2022-11-13 20:32:04'),(21,'Ons','Ons',20,'/',1,1,'2022-11-13 20:32:04','2022-11-13 20:32:45'),(22,'Gr','Gram',20,'/',1,1,'2022-11-13 20:32:04','2022-11-13 20:33:06'),(23,'Roll','Roll',NULL,'/',1,1,'2022-11-13 20:32:04','2022-11-13 20:32:04'),(24,'Meter','Meter',23,'/',1,1,'2022-11-13 20:32:05','2022-11-13 20:32:05'),(25,'Cm','Centi Meter',23,'/',1,1,'2022-11-13 20:32:05','2022-11-13 20:32:05'),(26,'Pail','Pail',NULL,'/',1,1,'2022-11-13 20:32:05','2022-11-13 20:32:05'),(27,'Galon','Galon',NULL,'/',1,1,'2022-11-13 20:32:05','2022-11-13 20:32:05'),(28,'Klg','Kaleng',NULL,'/',1,1,'2022-11-13 20:32:05','2022-11-13 20:32:05'),(29,'Set','Set',NULL,'/',1,1,'2022-11-13 20:32:05','2022-11-13 20:32:05'),(30,'Ikt','Ikat',NULL,'/',1,1,'2022-11-13 20:32:05','2022-11-13 20:32:05'),(31,'Bks','Bungkus',NULL,'/',1,1,'2022-11-13 20:32:05','2022-11-13 20:32:05'),(32,'Ktk','Kotak',NULL,'*',1,1,'2022-11-13 20:41:31','2022-11-13 20:41:31'),(33,'Unit','Unit',NULL,'*',1,1,'2022-11-13 20:47:19','2022-11-13 20:47:19');
/*!40000 ALTER TABLE `units` ENABLE KEYS */;
UNLOCK TABLES;

--
-- Table structure for table `users`
--

DROP TABLE IF EXISTS `users`;
/*!40101 SET @saved_cs_client     = @@character_set_client */;
/*!40101 SET character_set_client = utf8 */;
CREATE TABLE `users` (
  `id` int(10) unsigned NOT NULL AUTO_INCREMENT,
  `name` varchar(191) COLLATE utf8mb4_unicode_ci NOT NULL,
  `email` varchar(191) COLLATE utf8mb4_unicode_ci NOT NULL,
  `password` varchar(191) COLLATE utf8mb4_unicode_ci NOT NULL,
  `remember_token` varchar(100) COLLATE utf8mb4_unicode_ci DEFAULT NULL,
  `phone` varchar(191) COLLATE utf8mb4_unicode_ci NOT NULL,
  `company_name` varchar(191) COLLATE utf8mb4_unicode_ci DEFAULT NULL,
  `role_id` int(11) NOT NULL,
  `biller_id` int(11) DEFAULT NULL,
  `warehouse_id` int(11) DEFAULT NULL,
  `is_active` tinyint(1) NOT NULL,
  `is_deleted` tinyint(1) NOT NULL,
  `created_at` timestamp NULL DEFAULT NULL,
  `updated_at` timestamp NULL DEFAULT NULL,
  PRIMARY KEY (`id`)
) ENGINE=InnoDB AUTO_INCREMENT=36 DEFAULT CHARSET=utf8mb4 COLLATE=utf8mb4_unicode_ci;
/*!40101 SET character_set_client = @saved_cs_client */;

--
-- Dumping data for table `users`
--

LOCK TABLES `users` WRITE;
/*!40000 ALTER TABLE `users` DISABLE KEYS */;
INSERT INTO `users` VALUES (1,'admin','admin@gmail.com','$2y$10$DWAHTfjcvwCpOCXaJg11MOhsqns03uvlwiSUOQwkHL2YYrtrXPcL6','JSe3a7x7p5n1v8QTgP6aAfNyXcS9hOOYGKSOz9J9XBe863bmyc6F8XmU46mE','12112','lioncoders',1,0,0,1,0,'2018-06-02 02:24:15','2018-09-04 23:14:15'),(3,'dhiman da','dhiman@gmail.com','$2y$10$Fef6vu5E67nm11hX7V5a2u1ThNCQ6n9DRCvRF9TD7stk.Pmt2R6O.','5ehQM6JIfiQfROgTbB5let0Z93vjLHS7rd9QD5RPNgOxli3xdo7fykU7vtTt','212','lioncoders',1,0,0,0,1,'2018-06-13 21:00:31','2020-11-05 06:06:51'),(6,'test','test@gmail.com','$2y$10$TDAeHcVqHyCmurki0wjLZeIl1SngKX3WLOhyTiCoZG3souQfqv.LS','KpW1gYYlOFacumklO2IcRfSsbC3KcWUZzOI37gqoqM388Xie6KdhaOHIFEYm','1234','212312',4,0,0,0,1,'2018-06-23 02:05:33','2018-06-23 02:13:45'),(8,'test','test@yahoo.com','$2y$10$hlMigidZV0j2/IPkgE/xsOSb8WM2IRlsMv.1hg1NM7kfyd6bGX3hC','','31231','',4,0,0,0,1,'2018-06-24 21:35:49','2018-07-02 00:07:39'),(9,'staff','anda@gmail.com','$2y$10$kxDbnynB6mB1e1w3pmtbSOlSxy/WwbLPY5TJpMi0Opao5ezfuQjQm','dLNcktdks0IxKepKusPC61sjhCPt6UXBhYwXwxbQe89o2ZOQBJo5YZ9oteEA','3123','',4,5,1,1,0,'2018-07-02 00:08:08','2018-10-23 20:41:13'),(10,'abul','abul@alpha.com','$2y$10$5zgB2OOMyNBNVAd.QOQIju5a9fhNnTqPx5H6s4oFlXhNiF6kXEsPq','x7HlttI5bM0vSKViqATaowHFJkLS3PHwfvl7iJdFl5Z1SsyUgWCVbLSgAoi0','1234','anda',1,0,0,0,0,'2018-09-07 22:44:48','2018-09-07 22:44:48'),(11,'teststaff','a@a.com','$2y$10$5KNBIIhZzvvZEQEhkHaZGu.Q8bbQNfqYvYgL5N55B8Pb4P5P/b/Li','DkHDEcCA0QLfsKPkUK0ckL0CPM6dPiJytNa0k952gyTbeAyMthW3vi7IRitp','111','aa',4,5,1,0,1,'2018-10-22 01:47:56','2018-10-23 01:10:56'),(12,'john','john@gmail.com','$2y$10$P/pN2J/uyTYNzQy2kRqWwuSv7P2f6GE/ykBwtHdda7yci3XsfOKWe','O0f1WJBVjT5eKYl3Js5l1ixMMtoU6kqrH7hbHDx9I1UCcD9CmiSmCBzHbQZg','10001','',4,2,2,0,1,'2018-12-29 23:48:37','2019-03-06 03:59:49'),(13,'jjj','test@test.com','$2y$10$/Qx3gHWYWUhlF1aPfzXaCeZA7fRzfSEyCIOnk/dcC4ejO8PsoaalG','','1213','',1,0,0,0,1,'2019-01-02 23:08:31','2019-03-03 03:02:29'),(19,'shakalaka','shakalaka@gmail.com','$2y$10$ketLWT0Ib/JXpo00eJlxoeSw.7leS8V1CUGInfbyOWT4F5.Xuo7S2','','1212','Digital image',5,0,0,1,0,'2020-11-08 23:07:16','2020-11-08 23:07:16'),(21,'modon','modon@gmail.com','$2y$10$7VpoeGMkP8QCvL5zLwFW..6MYJ5MRumDLDoX.TTQtClS561rpFHY.','','2222','modon company',5,0,0,1,0,'2020-11-13 06:12:08','2020-11-13 06:12:08'),(22,'dhiman','dhiman@gmail.com','$2y$10$3mPygsC6wwnDtw/Sg85IpuExtUhgaHx52Lwp7Rz0.FNfuFdfKVpRq','','+8801111111101','lioncoders',5,0,0,0,1,'2020-11-15 05:14:58','2022-05-18 01:17:31'),(29,'aryatama045','aryatama045@gmail.com','$2y$10$S.4.fv5b2U7.88GrCO9xmOsaTReCJNZ6TI/zC7vkyeZkRoxhBh7za',NULL,'0812345678','it',1,NULL,NULL,1,0,'2022-03-20 21:06:42','2022-03-20 21:06:42'),(30,'kasir','kasir@mail.com','$2y$10$Laj5fiXdn6/Isa/.SZR1AeSUMqJfZQpt7Hj9HvIKGERR44HZKSege',NULL,'012','Nama Tokonya',6,1,1,1,0,'2022-03-23 19:45:30','2022-03-23 19:45:30'),(31,'qwerty','qwerty@mail.com','$2y$10$7oEZSQ.Nant26OCr4i7RXuM8vbTZ1BiiQJs2hCYR57oPRWmlxm4VW',NULL,'2378975','-',6,2,7,1,0,'2022-05-18 00:58:53','2022-05-18 00:58:53'),(32,'qazx','qazx@mail.com','$2y$10$rV5Jgen0hukpEwBHzRqAN.uQN3wScD2nDfEhgSs8ucehdSyPrsKTy',NULL,'29031847','-',5,NULL,NULL,0,1,'2022-05-18 01:09:23','2022-05-18 01:15:40'),(33,'cust','cust12@mail.com','$2y$10$d9EU7MPdi6yTL.rr1KTRIuKaynVquv8hWHoaenoyY/NQ0IhP2sU3i',NULL,'1234','cust',5,NULL,NULL,0,1,'2022-05-18 01:18:18','2022-05-18 01:18:57'),(34,'yansa','yansa@gmail.com','$2y$10$X4wufAASE8zOygRiN/pPkORa26AEpDoXfTwI.4ep9B3Ia3e5Q6m9y',NULL,'123','fgh',2,NULL,NULL,1,0,'2022-05-20 04:16:48','2022-05-20 04:16:48'),(35,'123123123','1232@qwe','$2y$10$vrwF2HDCyZyTQAjDHsZjuuLrl3.mQEH6Z3UdPfj2EJHeVNzBDeLqK',NULL,'123123',NULL,4,1,1,1,1,'2022-07-13 05:51:56','2022-07-13 05:52:12');
/*!40000 ALTER TABLE `users` ENABLE KEYS */;
UNLOCK TABLES;

--
-- Table structure for table `variants`
--

DROP TABLE IF EXISTS `variants`;
/*!40101 SET @saved_cs_client     = @@character_set_client */;
/*!40101 SET character_set_client = utf8 */;
CREATE TABLE `variants` (
  `id` int(10) unsigned NOT NULL AUTO_INCREMENT,
  `name` varchar(191) COLLATE utf8mb4_unicode_ci NOT NULL,
  `created_at` timestamp NULL DEFAULT NULL,
  `updated_at` timestamp NULL DEFAULT NULL,
  PRIMARY KEY (`id`)
) ENGINE=InnoDB AUTO_INCREMENT=18 DEFAULT CHARSET=utf8mb4 COLLATE=utf8mb4_unicode_ci;
/*!40101 SET character_set_client = @saved_cs_client */;

--
-- Dumping data for table `variants`
--

LOCK TABLES `variants` WRITE;
/*!40000 ALTER TABLE `variants` DISABLE KEYS */;
INSERT INTO `variants` VALUES (2,'Medium','2019-11-21 06:03:04','2019-11-24 07:43:52'),(3,'Small','2019-11-21 06:03:04','2019-11-24 07:43:52'),(5,'Large','2019-11-24 05:07:20','2019-11-24 07:44:56'),(9,'a','2020-05-18 15:44:14','2020-05-18 15:44:14'),(11,'b','2020-05-18 15:53:49','2020-05-18 15:53:49'),(12,'variant 1','2020-09-27 05:08:27','2020-09-27 05:08:27'),(13,'variant 2','2020-09-27 05:08:27','2020-09-27 05:08:27'),(15,'S','2020-11-16 05:09:33','2020-11-16 05:09:33'),(16,'M','2020-11-16 05:09:33','2020-11-16 05:09:33'),(17,'L','2020-11-16 05:09:33','2020-11-16 05:09:33');
/*!40000 ALTER TABLE `variants` ENABLE KEYS */;
UNLOCK TABLES;

--
-- Table structure for table `warehouses`
--

DROP TABLE IF EXISTS `warehouses`;
/*!40101 SET @saved_cs_client     = @@character_set_client */;
/*!40101 SET character_set_client = utf8 */;
CREATE TABLE `warehouses` (
  `id` int(10) unsigned NOT NULL AUTO_INCREMENT,
  `name` varchar(191) COLLATE utf8mb4_unicode_ci NOT NULL,
  `phone` varchar(191) COLLATE utf8mb4_unicode_ci DEFAULT NULL,
  `email` varchar(191) COLLATE utf8mb4_unicode_ci DEFAULT NULL,
  `address` text COLLATE utf8mb4_unicode_ci NOT NULL,
  `is_active` tinyint(1) DEFAULT NULL,
  `created_at` timestamp NULL DEFAULT NULL,
  `updated_at` timestamp NULL DEFAULT NULL,
  PRIMARY KEY (`id`)
) ENGINE=InnoDB AUTO_INCREMENT=12 DEFAULT CHARSET=utf8mb4 COLLATE=utf8mb4_unicode_ci;
/*!40101 SET character_set_client = @saved_cs_client */;

--
-- Dumping data for table `warehouses`
--

LOCK TABLES `warehouses` WRITE;
/*!40000 ALTER TABLE `warehouses` DISABLE KEYS */;
INSERT INTO `warehouses` VALUES (9,'Toko KM 9','+62813',NULL,'Jln. Kilo Meter 9, Depan jalan raya',1,'2022-11-14 16:03:52','2022-11-14 16:03:52'),(10,'Toko KM 12','+62813',NULL,'Jln Kilo Meter 12',1,'2022-11-14 16:04:32','2022-11-14 16:04:32'),(11,'Toko Kabupaten Aimas','+62813',NULL,'Kabupaten aimas unit II',1,'2022-11-14 16:05:35','2022-11-14 16:05:35');
/*!40000 ALTER TABLE `warehouses` ENABLE KEYS */;
UNLOCK TABLES;
/*!40103 SET TIME_ZONE=@OLD_TIME_ZONE */;

/*!40101 SET SQL_MODE=@OLD_SQL_MODE */;
/*!40014 SET FOREIGN_KEY_CHECKS=@OLD_FOREIGN_KEY_CHECKS */;
/*!40014 SET UNIQUE_CHECKS=@OLD_UNIQUE_CHECKS */;
/*!40101 SET CHARACTER_SET_CLIENT=@OLD_CHARACTER_SET_CLIENT */;
/*!40101 SET CHARACTER_SET_RESULTS=@OLD_CHARACTER_SET_RESULTS */;
/*!40101 SET COLLATION_CONNECTION=@OLD_COLLATION_CONNECTION */;
/*!40111 SET SQL_NOTES=@OLD_SQL_NOTES */;

-- Dump completed on 2022-11-15 15:22:41
